country,iso_numeric,g_whoregion,year,lab_sm,lab_sm_eqa,lab_sm_eqa_pass,lab_sm_led,lab_cul,lab_dst,lab_dst_eqa,lab_dst_eqa_pass,lab_lpa,lab_lpa_eqa,lab_xpert,lab_xpert_eqa,sldst_avail_incntry,sldst_avail_outcntry,collab_private_lab,collab_public_lab,nrl,nrl_srl_link,nrl_qms,iso2,iso3
Afghanistan,4,EMR,2009,596,424,360,,,,,,,,,,0,0,,,1,,,AF,AFG
Afghanistan,4,EMR,2010,600,476,396,,1,0,0,0,0,0,,,0,1,,,1,,,AF,AFG
Afghanistan,4,EMR,2011,600,570,502,10,3,,,,,,,,0,1,,,1,,,AF,AFG
Afghanistan,4,EMR,2012,603,0,0,10,2,0,,,0,,1,,0,1,1,1,1,1,,AF,AFG
Afghanistan,4,EMR,2013,667,,,0,3,0,,,0,,1,,0,1,1,1,1,0,0,AF,AFG
Afghanistan,4,EMR,2014,720,549,36,5,3,0,0,0,0,0,1,0,0,1,1,1,1,1,0,AF,AFG
Albania,8,EUR,2009,,,,,,,,,,,,,0,0,,,1,,,AL,ALB
Albania,8,EUR,2010,17,17,17,,1,1,1,1,0,0,,,0,0,,,1,,,AL,ALB
Albania,8,EUR,2011,17,17,17,0,1,1,1,1,1,0,0,0,0,0,,,1,,,AL,ALB
Albania,8,EUR,2012,15,15,15,0,1,1,0,0,1,0,0,0,0,0,0,0,1,1,,AL,ALB
Albania,8,EUR,2013,16,8,8,0,1,1,1,1,1,0,0,0,0,0,0,0,1,1,1,AL,ALB
Albania,8,EUR,2014,16,0,0,0,1,1,1,1,1,1,0,0,0,0,0,0,1,1,1,AL,ALB
Algeria,12,AFR,2009,230,50,38,,26,3,2,2,1,1,,,1,0,,,1,,,DZ,DZA
Algeria,12,AFR,2010,320,50,35,,40,3,0,0,1,0,,,1,0,,,1,,,DZ,DZA
Algeria,12,AFR,2011,240,0,0,0,29,3,2,1,1,,1,,1,0,,,1,,,DZ,DZA
Algeria,12,AFR,2012,240,0,0,0,29,2,2,2,1,1,1,1,1,0,0,0,1,1,,DZ,DZA
Algeria,12,AFR,2013,240,,,,,,,,,,,,,,,,,,,DZ,DZA
Algeria,12,AFR,2014,240,36,22,2,17,2,0,0,1,0,2,0,1,,0,0,1,1,1,DZ,DZA
American Samoa,16,WPR,2009,,,,,,,,,,,,,0,0,,,0,,,AS,ASM
American Samoa,16,WPR,2010,,,,,,,,,,,,,1,0,,,0,,,AS,ASM
American Samoa,16,WPR,2011,,,,,,,,,,,,,0,0,,,0,,,AS,ASM
American Samoa,16,WPR,2012,,,,,,,,,,,,,,,,,,,,AS,ASM
American Samoa,16,WPR,2013,,,,,,,,,,,,,,,,,,,,AS,ASM
American Samoa,16,WPR,2014,,,,,,,,,,,,,,,,,,,,AS,ASM
Andorra,20,EUR,2009,,,,,,,,,,,,,1,0,,,1,,,AD,AND
Andorra,20,EUR,2010,8,0,0,,8,8,0,0,0,0,,,1,0,,,1,,,AD,AND
Andorra,20,EUR,2011,8,,,,8,8,,,,,,,1,1,,,1,,,AD,AND
Andorra,20,EUR,2012,8,,,0,8,8,,,0,,0,,1,1,0,0,1,1,,AD,AND
Andorra,20,EUR,2013,8,,,0,8,8,,,0,,0,,1,1,0,0,1,1,,AD,AND
Andorra,20,EUR,2014,8,,,0,8,8,,,0,,0,,1,1,0,0,1,1,,AD,AND
Angola,24,AFR,2009,148,52,52,,1,1,0,0,0,0,,,0,0,,,1,,,AO,AGO
Angola,24,AFR,2010,146,100,100,,1,1,0,0,0,0,,,0,,,,1,,,AO,AGO
Angola,24,AFR,2011,143,126,126,0,3,3,3,3,0,0,0,0,0,1,,,1,,,AO,AGO
Angola,24,AFR,2012,131,,,,2,2,,,,,,,1,,1,,1,1,,AO,AGO
Angola,24,AFR,2013,95,95,95,9,2,2,2,2,0,0,0,0,0,1,1,1,1,1,0,AO,AGO
Angola,24,AFR,2014,90,0,0,0,2,2,0,0,1,0,1,1,1,,1,1,1,1,0,AO,AGO
Anguilla,660,AMR,2009,,,,,,,,,,,,,,,,,,,,AI,AIA
Anguilla,660,AMR,2010,,,,,,,,,,,,,0,0,,,0,,,AI,AIA
Anguilla,660,AMR,2011,,,,,,,,,,,,,0,0,,,0,,,AI,AIA
Anguilla,660,AMR,2012,,,,,,,,,,,,,0,0,,,0,,,AI,AIA
Anguilla,660,AMR,2013,,,,,,,,,,,,,0,0,,,0,,,AI,AIA
Anguilla,660,AMR,2014,,,,,,,,,,,,,0,1,,,0,,,AI,AIA
Antigua and Barbuda,28,AMR,2009,,,,,,,,,,,,,0,1,,,1,,,AG,ATG
Antigua and Barbuda,28,AMR,2010,,,,,,,,,,,,,0,1,,,1,,,AG,ATG
Antigua and Barbuda,28,AMR,2011,,,,,,,,,,,,,,1,,,1,,,AG,ATG
Antigua and Barbuda,28,AMR,2012,,,,,,,,,,,,,0,1,,,1,1,,AG,ATG
Antigua and Barbuda,28,AMR,2013,,,,,,,,,,,,,0,1,,,0,,,AG,ATG
Antigua and Barbuda,28,AMR,2014,,,,,,,,,,,,,0,1,,,0,,,AG,ATG
Argentina,32,AMR,2009,741,69,,,119,16,12,11,0,0,,,1,,,,1,,,AR,ARG
Argentina,32,AMR,2010,699,168,146,,115,17,15,14,0,0,,,1,1,,,1,,,AR,ARG
Argentina,32,AMR,2011,708,188,181,0,103,17,8,8,0,0,0,0,1,0,,,1,,,AR,ARG
Argentina,32,AMR,2012,688,180,172,0,103,16,12,3,0,,0,,1,0,1,1,1,1,,AR,ARG
Argentina,32,AMR,2013,697,257,251,1,151,17,11,9,1,0,0,0,1,0,1,1,1,1,0,AR,ARG
Argentina,32,AMR,2014,705,310,303,7,125,17,14,8,2,,2,,1,,1,1,1,1,0,AR,ARG
Armenia,51,EUR,2009,57,15,14,,1,1,1,1,0,,,,0,0,,,1,,,AM,ARM
Armenia,51,EUR,2010,44,24,22,,1,1,1,,1,1,,,1,0,,,1,,,AM,ARM
Armenia,51,EUR,2011,30,29,29,0,1,1,1,1,1,1,0,0,1,0,,,1,,,AM,ARM
Armenia,51,EUR,2012,30,30,26,0,1,1,1,1,1,1,0,0,1,0,0,0,1,1,,AM,ARM
Armenia,51,EUR,2013,29,29,26,1,1,1,1,1,1,1,2,0,1,0,0,0,1,1,0,AM,ARM
Armenia,51,EUR,2014,26,26,24,1,1,1,1,1,1,0,2,0,1,0,0,0,1,1,0,AM,ARM
Aruba,533,AMR,2009,,,,,,,,,,,,,,,,,,,,AW,ABW
Aruba,533,AMR,2010,,,,,,,,,,,,,,,,,,,,AW,ABW
Aruba,533,AMR,2011,,,,,,,,,,,,,0,0,,,1,,,AW,ABW
Aruba,533,AMR,2012,,,,,,,,,,,,,0,1,,,1,0,,AW,ABW
Aruba,533,AMR,2013,,,,,,,,,,,,,0,1,,,1,0,,AW,ABW
Aruba,533,AMR,2014,,,,,,,,,,,,,,,,,,,,AW,ABW
Australia,36,WPR,2009,,,,,,,,,,,,,1,0,,,1,,,AU,AUS
Australia,36,WPR,2010,,,,,,,,,,,,,1,0,,,1,,,AU,AUS
Australia,36,WPR,2011,,,,,,,,,,,,,1,0,,,1,,,AU,AUS
Australia,36,WPR,2012,,,,,,,,,,,,,1,0,,,1,1,,AU,AUS
Australia,36,WPR,2013,,,,,,,,,,,,,1,0,,,1,1,1,AU,AUS
Australia,36,WPR,2014,,,,,,,,,,,,,1,0,,,1,1,1,AU,AUS
Austria,40,EUR,2009,,,,,,,,,,,,,,,,,,,,AT,AUT
Austria,40,EUR,2010,,,,,,,,,,,,,,,,,,,,AT,AUT
Austria,40,EUR,2011,,,,,,,,,,,,,,,,,,,,AT,AUT
Austria,40,EUR,2012,,,,,,,,,,,,,,,,,,,,AT,AUT
Austria,40,EUR,2013,,,,,,,,,,,,,,,,,,,,AT,AUT
Austria,40,EUR,2014,,,,,,,,,,,,,,,,,,,,AT,AUT
Azerbaijan,31,EUR,2009,69,,,,2,2,1,1,,,,,1,0,,,1,,,AZ,AZE
Azerbaijan,31,EUR,2010,,,,,,,,,,,,,,,,,,,,AZ,AZE
Azerbaijan,31,EUR,2011,72,1,1,1,6,2,2,2,2,2,2,0,1,,,,1,,,AZ,AZE
Azerbaijan,31,EUR,2012,72,11,11,3,7,3,3,3,1,,7,2,1,,0,0,1,1,,AZ,AZE
Azerbaijan,31,EUR,2013,64,24,24,3,7,2,1,1,3,,11,,1,,0,0,1,1,1,AZ,AZE
Azerbaijan,31,EUR,2014,72,15,14,3,7,3,3,3,2,,7,2,1,,0,0,1,1,1,AZ,AZE
Bahamas,44,AMR,2009,,,,,,,,,,,,,1,1,,,1,,,BS,BHS
Bahamas,44,AMR,2010,,,,,,,,,,,,,0,1,,,1,,,BS,BHS
Bahamas,44,AMR,2011,,,,,,,,,,,,,0,1,,,1,,,BS,BHS
Bahamas,44,AMR,2012,,,,,,,,,,,,,0,1,,,1,1,,BS,BHS
Bahamas,44,AMR,2013,,,,,,,,,,,,,0,1,,,1,1,1,BS,BHS
Bahamas,44,AMR,2014,,,,,,,,,,,,,0,1,,,1,1,1,BS,BHS
Bahrain,48,EMR,2009,18,2,2,,2,1,1,1,1,1,,,0,1,,,0,,,BH,BHR
Bahrain,48,EMR,2010,18,3,3,,2,1,1,1,1,1,,,0,1,,,0,,,BH,BHR
Bahrain,48,EMR,2011,18,1,1,,2,1,1,1,1,0,1,0,0,1,,,1,,,BH,BHR
Bahrain,48,EMR,2012,18,1,1,2,2,1,1,1,2,1,1,1,0,1,0,0,0,,,BH,BHR
Bahrain,48,EMR,2013,,,,,,,,,,,,,1,,,,1,1,1,BH,BHR
Bahrain,48,EMR,2014,,,,,,,,,,,,,,,,,,,,BH,BHR
Bangladesh,50,SEA,2009,1000,997,997,,1,1,1,1,,,,,0,0,,,1,,,BD,BGD
Bangladesh,50,SEA,2010,1050,1050,820,,3,2,2,,0,0,,,0,1,,,1,,,BD,BGD
Bangladesh,50,SEA,2011,1057,1057,994,14,3,2,2,2,0,0,0,0,0,1,,,1,,,BD,BGD
Bangladesh,50,SEA,2012,1070,1070,1009,26,3,3,3,3,1,0,12,0,0,1,1,1,1,1,,BD,BGD
Bangladesh,50,SEA,2013,1085,1085,1025,187,3,3,2,2,1,0,26,0,1,1,1,1,1,1,1,BD,BGD
Bangladesh,50,SEA,2014,1104,1104,1037,240,3,3,2,2,1,0,38,0,1,1,1,1,1,1,1,BD,BGD
Barbados,52,AMR,2009,,,,,,,,,,,,,0,1,,,1,,,BB,BRB
Barbados,52,AMR,2010,,,,,,,,,,,,,0,1,,,1,,,BB,BRB
Barbados,52,AMR,2011,,,,,,,,,,,,,0,1,,,1,,,BB,BRB
Barbados,52,AMR,2012,,,,,,,,,,,,,0,1,,,1,1,,BB,BRB
Barbados,52,AMR,2013,,,,,,,,,,,,,0,1,,,1,1,1,BB,BRB
Barbados,52,AMR,2014,,,,,,,,,,,,,0,1,,,1,1,1,BB,BRB
Belarus,112,EUR,2009,,,,,,,,,,,,,,,,,1,,,BY,BLR
Belarus,112,EUR,2010,,,,,,,,,,,,,,,,,,,,BY,BLR
Belarus,112,EUR,2011,196,196,177,3,41,20,20,20,1,0,0,0,1,0,,,1,,,BY,BLR
Belarus,112,EUR,2012,196,196,183,3,29,8,8,8,8,8,8,8,1,0,0,0,1,1,,BY,BLR
Belarus,112,EUR,2013,154,154,131,3,29,8,8,8,8,8,8,8,1,0,0,0,1,1,0,BY,BLR
Belarus,112,EUR,2014,154,154,138,3,29,8,8,8,8,,15,,1,0,0,0,1,1,0,BY,BLR
Belgium,56,EUR,2009,,,,,,,,,,,,,1,0,,,1,,,BE,BEL
Belgium,56,EUR,2010,115,0,,,114,14,14,14,5,1,,,1,0,,,1,,,BE,BEL
Belgium,56,EUR,2011,115,3,3,,114,15,15,15,8,,6,,1,,,,1,,,BE,BEL
Belgium,56,EUR,2012,115,105,92,,114,14,14,14,8,,19,0,1,,1,1,1,1,,BE,BEL
Belgium,56,EUR,2013,112,105,92,,114,14,14,14,,,,,1,0,1,1,1,1,1,BE,BEL
Belgium,56,EUR,2014,112,0,0,,114,14,14,14,,,12,12,1,0,1,1,1,1,1,BE,BEL
Belize,84,AMR,2009,,,,,,,,,,,,,0,1,,,0,,,BZ,BLZ
Belize,84,AMR,2010,4,0,,,0,0,0,0,0,0,,,0,1,,,0,,,BZ,BLZ
Belize,84,AMR,2011,2,0,,1,0,0,0,,0,0,0,0,0,1,,,1,,,BZ,BLZ
Belize,84,AMR,2012,3,1,1,0,0,0,0,0,0,0,0,0,0,1,1,1,0,,,BZ,BLZ
Belize,84,AMR,2013,7,0,0,0,0,0,0,0,0,0,0,0,0,1,1,,1,1,1,BZ,BLZ
Belize,84,AMR,2014,8,0,0,0,0,0,0,0,0,0,0,0,0,1,1,1,1,1,0,BZ,BLZ
Benin,204,AFR,2009,57,,,,1,1,,,,,,,1,,,,1,,,BJ,BEN
Benin,204,AFR,2010,61,61,58,,1,1,1,1,1,0,,,1,,,,,,,BJ,BEN
Benin,204,AFR,2011,59,59,49,7,1,1,1,1,1,0,0,0,1,0,,,1,,,BJ,BEN
Benin,204,AFR,2012,77,57,52,7,1,1,1,1,1,1,1,0,1,1,0,0,1,1,,BJ,BEN
Benin,204,AFR,2013,78,78,73,7,1,1,1,1,1,1,1,1,1,1,1,1,1,1,1,BJ,BEN
Benin,204,AFR,2014,80,75,68,17,1,1,1,1,1,1,1,1,1,0,1,1,1,1,1,BJ,BEN
Bermuda,60,AMR,2009,,,,,,,,,,,,,,,,,,,,BM,BMU
Bermuda,60,AMR,2010,,,,,,,,,,,,,0,1,,,1,,,BM,BMU
Bermuda,60,AMR,2011,,,,,,,,,,,,,0,1,,,1,,,BM,BMU
Bermuda,60,AMR,2012,,,,,,,,,,,,,0,1,,,1,1,,BM,BMU
Bermuda,60,AMR,2013,,,,,,,,,,,,,0,1,,,1,1,1,BM,BMU
Bermuda,60,AMR,2014,,,,,,,,,,,,,0,1,,,1,1,1,BM,BMU
Bhutan,64,SEA,2009,30,30,28,,1,1,1,1,0,0,,,1,1,,,1,,,BT,BTN
Bhutan,64,SEA,2010,32,32,25,,1,1,1,1,0,0,,,0,1,,,1,,,BT,BTN
Bhutan,64,SEA,2011,34,34,32,,1,1,1,1,,,,,0,1,,,1,,,BT,BTN
Bhutan,64,SEA,2012,35,35,35,0,1,1,1,1,,,,,0,1,0,0,1,1,,BT,BTN
Bhutan,64,SEA,2013,35,35,32,,1,1,1,1,,,,,1,1,0,1,1,1,1,BT,BTN
Bhutan,64,SEA,2014,32,32,32,,1,1,1,1,1,,,,0,1,0,0,1,1,1,BT,BTN
Bolivia (Plurinational State of),68,AMR,2009,509,509,432,,26,1,1,1,,,,,0,1,,,1,,,BO,BOL
Bolivia (Plurinational State of),68,AMR,2010,500,500,500,,41,1,1,1,1,1,,,0,1,,,1,,,BO,BOL
Bolivia (Plurinational State of),68,AMR,2011,531,487,487,,49,1,1,1,1,1,,,0,1,,,0,,,BO,BOL
Bolivia (Plurinational State of),68,AMR,2012,531,497,403,0,52,1,1,1,0,0,0,0,0,1,1,1,1,1,,BO,BOL
Bolivia (Plurinational State of),68,AMR,2013,559,503,420,2,73,2,1,1,0,0,0,0,0,1,1,1,1,1,1,BO,BOL
Bolivia (Plurinational State of),68,AMR,2014,563,511,423,1,62,2,1,1,0,0,0,0,0,1,1,1,1,1,1,BO,BOL
"Bonaire, Saint Eustatius and Saba",535,AMR,2010,,,,,,,,,,,,,0,1,,,1,,,BQ,BES
"Bonaire, Saint Eustatius and Saba",535,AMR,2011,,,,,,,,,,,,,0,1,,,1,,,BQ,BES
"Bonaire, Saint Eustatius and Saba",535,AMR,2012,,,,,,,,,,,,,0,1,,,1,1,,BQ,BES
"Bonaire, Saint Eustatius and Saba",535,AMR,2013,,,,,,,,,,,,,0,1,,,1,1,1,BQ,BES
"Bonaire, Saint Eustatius and Saba",535,AMR,2014,,,,,,,,,,,,,0,1,,,1,1,1,BQ,BES
Bosnia and Herzegovina,70,EUR,2009,3,0,0,,13,5,0,0,1,0,,,0,0,,,1,,,BA,BIH
Bosnia and Herzegovina,70,EUR,2010,4,4,4,,11,4,4,4,0,0,,,0,1,,,1,,,BA,BIH
Bosnia and Herzegovina,70,EUR,2011,15,15,15,2,13,4,4,4,3,1,0,0,0,1,,,1,,,BA,BIH
Bosnia and Herzegovina,70,EUR,2012,15,15,15,15,13,3,3,3,0,0,0,0,0,1,0,0,1,1,,BA,BIH
Bosnia and Herzegovina,70,EUR,2013,15,15,15,2,13,4,4,4,6,3,0,0,0,1,0,0,1,1,1,BA,BIH
Bosnia and Herzegovina,70,EUR,2014,16,16,15,16,12,7,7,7,5,5,0,0,0,1,0,1,1,1,1,BA,BIH
Botswana,72,AFR,2009,44,42,34,,1,1,1,1,0,0,,,0,1,,,1,,,BW,BWA
Botswana,72,AFR,2010,56,56,54,,1,1,1,1,0,0,,,0,1,,,1,,,BW,BWA
Botswana,72,AFR,2011,52,52,47,1,1,1,1,1,0,0,0,0,0,1,,,1,,,BW,BWA
Botswana,72,AFR,2012,52,52,48,11,1,1,1,1,1,1,5,5,0,1,1,1,1,1,,BW,BWA
Botswana,72,AFR,2013,52,42,38,11,1,1,1,1,1,,31,20,1,0,0,0,1,1,1,BW,BWA
Botswana,72,AFR,2014,48,48,45,10,1,1,1,1,1,1,36,21,1,0,1,1,1,1,1,BW,BWA
Brazil,76,AMR,2009,4092,1613,1129,,224,44,27,25,0,0,,,1,1,,,1,,,BR,BRA
Brazil,76,AMR,2010,3912,1690,1605,,252,39,28,21,0,0,,,1,1,,,1,,,BR,BRA
Brazil,76,AMR,2011,4028,1312,1051,2,306,45,30,23,0,0,0,0,1,,,,1,,,BR,BRA
Brazil,76,AMR,2012,4000,1610,1500,,220,35,35,35,8,,13,,1,0,0,1,1,1,,BR,BRA
Brazil,76,AMR,2013,3026,1175,829,1,345,39,6,5,0,0,0,0,1,0,0,1,1,1,1,BR,BRA
Brazil,76,AMR,2014,3382,1576,1059,1,324,26,4,4,1,0,48,0,1,0,0,1,1,0,1,BR,BRA
British Virgin Islands,92,AMR,2009,,,,,,,,,,,,,,,,,,,,VG,VGB
British Virgin Islands,92,AMR,2010,,,,,,,,,,,,,0,1,,,1,,,VG,VGB
British Virgin Islands,92,AMR,2011,,,,,,,,,,,,,0,1,,,1,,,VG,VGB
British Virgin Islands,92,AMR,2012,,,,,,,,,,,,,0,1,,,1,1,,VG,VGB
British Virgin Islands,92,AMR,2013,,,,,,,,,,,,,0,1,,,1,1,0,VG,VGB
British Virgin Islands,92,AMR,2014,,,,,,,,,,,,,0,1,,,1,1,1,VG,VGB
Brunei Darussalam,96,WPR,2009,1,1,1,,1,1,0,0,0,0,,,0,0,,,1,,,BN,BRN
Brunei Darussalam,96,WPR,2010,1,1,1,,1,1,0,0,1,0,,,0,0,,,1,,,BN,BRN
Brunei Darussalam,96,WPR,2011,1,1,1,0,1,1,1,1,1,1,0,0,0,,,,1,,,BN,BRN
Brunei Darussalam,96,WPR,2012,1,1,1,0,1,1,1,1,1,1,0,0,0,1,0,0,1,1,,BN,BRN
Brunei Darussalam,96,WPR,2013,1,1,1,0,1,1,0,0,1,1,0,0,0,1,0,0,1,1,1,BN,BRN
Brunei Darussalam,96,WPR,2014,1,1,1,0,1,1,0,0,1,1,0,0,0,1,0,0,1,1,1,BN,BRN
Bulgaria,100,EUR,2009,36,36,36,,33,22,1,1,1,1,,,0,1,,,1,,,BG,BGR
Bulgaria,100,EUR,2010,36,36,36,,30,21,4,4,1,1,,,0,1,,,1,,,BG,BGR
Bulgaria,100,EUR,2011,34,34,34,,33,13,4,4,3,1,0,0,1,0,,,1,,,BG,BGR
Bulgaria,100,EUR,2012,34,34,34,0,31,14,4,4,4,1,0,0,1,0,0,0,1,1,,BG,BGR
Bulgaria,100,EUR,2013,34,34,34,13,30,12,4,4,4,1,0,0,1,0,0,0,1,1,1,BG,BGR
Bulgaria,100,EUR,2014,34,34,34,13,30,9,5,5,4,1,0,0,1,0,1,1,1,1,1,BG,BGR
Burkina Faso,854,AFR,2009,110,108,67,,0,0,0,0,0,0,,,0,1,,,1,,,BF,BFA
Burkina Faso,854,AFR,2010,108,105,82,,1,0,0,0,0,0,,,0,1,,,1,,,BF,BFA
Burkina Faso,854,AFR,2011,111,111,91,0,1,1,0,0,0,0,0,0,0,1,,,1,,,BF,BFA
Burkina Faso,854,AFR,2012,111,111,91,0,1,1,0,0,3,1,0,0,0,1,0,0,1,1,,BF,BFA
Burkina Faso,854,AFR,2013,113,113,96,0,3,0,0,0,1,1,1,1,0,0,0,0,1,1,0,BF,BFA
Burkina Faso,854,AFR,2014,110,108,94,0,1,0,0,0,1,1,1,1,1,0,0,0,1,1,0,BF,BFA
Burundi,108,AFR,2009,166,165,160,,1,0,0,0,0,0,,,0,0,,,1,,,BI,BDI
Burundi,108,AFR,2010,167,167,108,,1,1,0,0,0,0,,,0,1,,,1,,,BI,BDI
Burundi,108,AFR,2011,169,169,169,15,1,0,0,0,0,0,0,0,0,1,,,1,,,BI,BDI
Burundi,108,AFR,2012,170,170,170,16,1,0,0,0,0,0,0,0,0,1,0,0,1,1,,BI,BDI
Burundi,108,AFR,2013,170,170,148,15,1,1,1,1,0,0,1,0,1,1,0,0,1,1,1,BI,BDI
Burundi,108,AFR,2014,170,170,148,15,1,1,1,1,0,0,1,0,1,1,0,0,1,1,1,BI,BDI
Cabo Verde,132,AFR,2009,16,0,0,,0,0,0,0,0,0,,,0,1,,,1,,,CV,CPV
Cabo Verde,132,AFR,2010,16,0,0,,0,0,0,0,0,0,,,0,1,,,1,,,CV,CPV
Cabo Verde,132,AFR,2011,16,0,0,0,0,0,,,0,,0,,0,1,,,1,,,CV,CPV
Cabo Verde,132,AFR,2012,16,0,0,0,0,0,0,0,0,0,1,1,0,1,1,1,1,1,,CV,CPV
Cabo Verde,132,AFR,2013,16,0,0,0,0,0,0,0,0,0,1,1,0,1,1,1,1,1,0,CV,CPV
Cabo Verde,132,AFR,2014,16,0,0,0,0,0,0,0,0,0,1,1,0,1,1,1,1,0,0,CV,CPV
Cambodia,116,WPR,2009,204,201,161,,3,1,1,1,0,0,,,0,1,,,1,,,KH,KHM
Cambodia,116,WPR,2010,209,207,180,,3,1,1,1,0,0,,,0,1,,,1,,,KH,KHM
Cambodia,116,WPR,2011,211,207,185,18,3,1,1,1,0,0,1,0,0,1,,,1,,,KH,KHM
Cambodia,116,WPR,2012,214,210,184,21,3,1,1,1,0,0,6,5,0,0,1,1,1,1,,KH,KHM
Cambodia,116,WPR,2013,215,212,190,29,4,1,1,1,0,0,10,9,0,0,1,,1,1,0,KH,KHM
Cambodia,116,WPR,2014,215,211,192,29,4,3,3,3,0,0,17,0,0,0,1,1,1,1,0,KH,KHM
Cameroon,120,AFR,2009,216,216,175,,3,2,2,2,0,0,,,1,1,,,1,,,CM,CMR
Cameroon,120,AFR,2010,216,216,175,,3,2,2,2,0,0,,,1,1,,,1,,,CM,CMR
Cameroon,120,AFR,2011,217,217,217,9,4,2,2,2,1,1,1,0,1,1,,,1,,,CM,CMR
Cameroon,120,AFR,2012,230,230,196,10,4,2,2,2,2,2,1,1,1,0,0,0,1,1,,CM,CMR
Cameroon,120,AFR,2013,238,145,113,3,3,3,0,0,2,0,3,0,1,,0,0,1,1,0,CM,CMR
Cameroon,120,AFR,2014,242,196,140,9,3,2,2,2,2,2,3,3,1,1,0,0,1,1,1,CM,CMR
Canada,124,AMR,2009,,,,,,,,,,,,,1,1,,,1,,,CA,CAN
Canada,124,AMR,2010,,,,,,,,,,,,,1,1,,,1,,,CA,CAN
Canada,124,AMR,2011,,,,,,,,,,,,,1,1,,,1,,,CA,CAN
Canada,124,AMR,2012,,,,,,,,,,,,,1,0,,,1,0,,CA,CAN
Canada,124,AMR,2013,,,,,,,,,,,,,1,0,,,1,0,,CA,CAN
Canada,124,AMR,2014,,,,,,,,,,,,,1,0,,,1,0,1,CA,CAN
Cayman Islands,136,AMR,2009,,,,,,,,,,,,,,,,,,,,KY,CYM
Cayman Islands,136,AMR,2010,,,,,,,,,,,,,0,1,,,1,,,KY,CYM
Cayman Islands,136,AMR,2011,,,,,,,,,,,,,0,1,,,1,,,KY,CYM
Cayman Islands,136,AMR,2012,,,,,,,,,,,,,0,1,,,1,1,,KY,CYM
Cayman Islands,136,AMR,2013,,,,,,,,,,,,,0,1,,,1,1,1,KY,CYM
Cayman Islands,136,AMR,2014,,,,,,,,,,,,,0,1,,,1,1,1,KY,CYM
Central African Republic,140,AFR,2009,72,0,0,,1,1,,,0,,,,0,0,,,1,,,CF,CAF
Central African Republic,140,AFR,2010,73,0,0,,1,1,1,1,0,0,,,0,0,,,1,,,CF,CAF
Central African Republic,140,AFR,2011,72,1,1,0,1,1,1,1,1,0,0,0,0,,,,1,,,CF,CAF
Central African Republic,140,AFR,2012,72,67,40,0,1,1,1,1,0,0,1,1,0,0,1,0,1,1,,CF,CAF
Central African Republic,140,AFR,2013,71,0,0,0,1,1,1,1,0,0,1,1,0,0,0,0,1,1,1,CF,CAF
Central African Republic,140,AFR,2014,79,1,0,1,2,1,1,0,0,0,1,0,0,0,1,1,1,0,0,CF,CAF
Chad,148,AFR,2009,59,31,20,,0,0,0,0,0,0,,,0,0,,,1,,,TD,TCD
Chad,148,AFR,2010,57,19,17,,0,0,0,0,0,0,,,0,0,,,1,,,TD,TCD
Chad,148,AFR,2011,57,21,17,0,0,0,0,0,0,0,0,0,0,0,,,1,,,TD,TCD
Chad,148,AFR,2012,69,13,11,0,0,0,0,0,0,0,0,0,0,0,1,0,1,0,,TD,TCD
Chad,148,AFR,2013,72,10,9,1,0,0,0,0,0,0,2,0,0,0,0,0,1,0,0,TD,TCD
Chad,148,AFR,2014,76,21,20,1,0,0,0,0,0,0,2,0,0,0,1,0,1,0,0,TD,TCD
Chile,152,AMR,2009,281,161,155,,50,1,1,1,0,0,,,1,0,,,1,,,CL,CHL
Chile,152,AMR,2010,251,192,192,,66,1,1,1,0,0,,,1,0,,,1,,,CL,CHL
Chile,152,AMR,2011,156,,,6,40,1,1,1,1,1,0,0,1,0,,,1,,,CL,CHL
Chile,152,AMR,2012,169,157,156,0,39,1,1,1,1,1,1,0,1,0,0,0,1,0,,CL,CHL
Chile,152,AMR,2013,254,221,218,0,40,1,1,1,1,1,2,0,1,0,1,0,1,0,0,CL,CHL
Chile,152,AMR,2014,196,173,173,6,39,1,1,1,1,1,2,0,1,,1,0,1,0,1,CL,CHL
China,156,WPR,2009,3328,3328,3309,,829,129,87,86,3,0,,,1,1,,,1,,,CN,CHN
China,156,WPR,2010,3328,3328,3221,,894,195,118,118,8,8,,,1,,,,1,,,CN,CHN
China,156,WPR,2011,3328,3128,3073,55,594,195,125,120,20,5,16,5,1,0,,,1,,,CN,CHN
China,156,WPR,2012,3328,3203,3171,55,1014,190,133,127,21,21,16,0,1,0,0,1,1,1,,CN,CHN
China,156,WPR,2013,3328,3018,2990,1087,1284,249,249,196,133,2,160,0,1,,0,1,1,1,1,CN,CHN
China,156,WPR,2014,2952,2777,2686,1120,1825,399,323,222,157,120,654,0,1,0,0,1,1,1,1,CN,CHN
"China, Hong Kong SAR",344,WPR,2009,26,21,21,,20,3,1,1,1,0,,,1,0,,,1,,,HK,HKG
"China, Hong Kong SAR",344,WPR,2010,26,21,21,,20,3,1,1,1,0,,,1,0,,,1,,,HK,HKG
"China, Hong Kong SAR",344,WPR,2011,31,31,31,1,20,3,1,1,11,0,9,0,1,0,,,1,,,HK,HKG
"China, Hong Kong SAR",344,WPR,2012,31,31,31,1,13,2,2,2,2,0,9,0,1,0,1,1,1,1,,HK,HKG
"China, Hong Kong SAR",344,WPR,2013,31,31,31,7,16,2,2,2,3,1,12,1,1,0,1,1,1,1,1,HK,HKG
"China, Hong Kong SAR",344,WPR,2014,,,,,,,,,,,,,1,0,1,1,1,1,1,HK,HKG
"China, Macao SAR",446,WPR,2009,8,1,1,,1,1,1,1,1,1,,,1,1,,,0,,,MO,MAC
"China, Macao SAR",446,WPR,2010,8,1,1,,1,1,1,1,1,1,,,1,,,,0,,,MO,MAC
"China, Macao SAR",446,WPR,2011,,,,,,,,,,,,,,,,,0,,,MO,MAC
"China, Macao SAR",446,WPR,2012,2,2,2,0,1,1,0,0,0,0,0,0,1,0,0,1,0,,,MO,MAC
"China, Macao SAR",446,WPR,2013,2,2,2,0,1,1,0,0,0,0,0,0,1,0,0,1,0,,,MO,MAC
"China, Macao SAR",446,WPR,2014,2,2,2,0,1,1,1,1,0,0,1,1,1,0,0,0,1,1,1,MO,MAC
Colombia,170,AMR,2009,2433,2403,2163,,1286,4,4,4,,,,,1,0,,,1,,,CO,COL
Colombia,170,AMR,2010,3659,3659,3659,,1256,7,7,5,0,0,,,1,1,,,1,,,CO,COL
Colombia,170,AMR,2011,3659,3659,3659,0,1256,5,5,5,3,0,1,0,1,0,,,1,,,CO,COL
Colombia,170,AMR,2012,2661,2661,2661,5,1189,4,4,4,5,5,4,,1,0,1,1,1,1,,CO,COL
Colombia,170,AMR,2013,2633,1966,1824,5,1052,4,4,4,8,8,10,0,1,0,1,1,1,1,1,CO,COL
Colombia,170,AMR,2014,2042,1399,1339,8,1052,5,5,5,13,13,18,0,1,0,1,1,1,1,1,CO,COL
Comoros,174,AFR,2009,,,,,,,,,,,,,0,0,,,1,,,KM,COM
Comoros,174,AFR,2010,,,,,,,,,,,,,,,,,,,,KM,COM
Comoros,174,AFR,2011,,,,,,,,,,,,,0,0,,,1,,,KM,COM
Comoros,174,AFR,2012,,,,,,,,,,,,,0,,,,1,1,,KM,COM
Comoros,174,AFR,2013,,,,,,,,,,,,,0,0,,,1,1,1,KM,COM
Comoros,174,AFR,2014,,,,,,,,,,,,,0,0,,,1,1,1,KM,COM
Congo,178,AFR,2009,24,0,0,,0,0,0,0,0,0,,,0,1,,,1,,,CG,COG
Congo,178,AFR,2010,24,0,0,,0,0,0,0,0,0,,,0,0,,,1,,,CG,COG
Congo,178,AFR,2011,31,0,0,0,0,0,0,0,0,0,0,0,0,0,,,1,,,CG,COG
Congo,178,AFR,2012,33,2,2,1,,,,,,,,,0,0,1,0,1,1,,CG,COG
Congo,178,AFR,2013,42,8,8,1,0,0,0,0,0,0,1,1,0,0,1,1,1,0,0,CG,COG
Congo,178,AFR,2014,32,4,4,1,0,0,0,0,0,0,1,1,0,0,1,0,1,1,0,CG,COG
Cook Islands,184,WPR,2009,,,,,,,,,,,,,0,1,,,0,,,CK,COK
Cook Islands,184,WPR,2010,,,,,,,,,,,,,0,1,,,1,,,CK,COK
Cook Islands,184,WPR,2011,,,,,,,,,,,,,0,1,,,1,,,CK,COK
Cook Islands,184,WPR,2012,,,,,,,,,,,,,0,1,,,1,1,,CK,COK
Cook Islands,184,WPR,2013,,,,,,,,,,,,,0,1,,,1,1,1,CK,COK
Cook Islands,184,WPR,2014,,,,,,,,,,,,,0,1,,,1,1,1,CK,COK
Costa Rica,188,AMR,2009,,,,,,,,,,,,,1,,,,1,,,CR,CRI
Costa Rica,188,AMR,2010,,,,,,,,,,,,,,,,,,,,CR,CRI
Costa Rica,188,AMR,2011,108,100,88,0,20,1,1,1,0,0,2,0,0,1,,,1,,,CR,CRI
Costa Rica,188,AMR,2012,105,105,,0,14,1,0,0,0,0,4,4,0,0,1,1,1,1,,CR,CRI
Costa Rica,188,AMR,2013,105,105,105,0,14,1,0,0,0,0,4,4,0,1,1,1,1,1,1,CR,CRI
Costa Rica,188,AMR,2014,102,102,102,0,16,1,1,1,0,0,4,4,0,1,0,0,1,1,1,CR,CRI
Côte d'Ivoire,384,AFR,2009,111,72,63,,1,1,0,0,0,0,,,0,0,,,1,,,CI,CIV
Côte d'Ivoire,384,AFR,2010,115,115,95,,1,1,0,0,0,0,,,0,0,,,1,,,CI,CIV
Côte d'Ivoire,384,AFR,2011,120,0,,0,2,2,0,,0,0,0,0,0,0,,,1,,,CI,CIV
Côte d'Ivoire,384,AFR,2012,121,121,79,0,2,2,0,0,0,0,0,0,0,0,1,1,1,0,,CI,CIV
Côte d'Ivoire,384,AFR,2013,132,120,115,1,2,2,0,,2,0,2,0,0,0,0,0,1,1,0,CI,CIV
Côte d'Ivoire,384,AFR,2014,147,97,85,1,2,2,2,2,2,2,5,0,1,,1,,1,1,1,CI,CIV
Croatia,191,EUR,2009,,,,,,,,,,,,,,,,,,,,HR,HRV
Croatia,191,EUR,2010,,,,,,,,,,,,,,,,,,,,HR,HRV
Croatia,191,EUR,2011,14,14,0,0,14,6,6,0,1,1,1,1,1,,,,1,,,HR,HRV
Croatia,191,EUR,2012,,,,,,,,,,,,,,,,,,,,HR,HRV
Croatia,191,EUR,2013,,,,,,,,,,,,,,,,,,,,HR,HRV
Croatia,191,EUR,2014,14,14,14,0,14,6,6,6,1,1,1,1,1,1,0,0,1,1,0,HR,HRV
Cuba,192,AMR,2009,,,,,,,,,,,,,1,,,,1,,,CU,CUB
Cuba,192,AMR,2010,,,,,,,,,,,,,1,0,,,1,,,CU,CUB
Cuba,192,AMR,2011,,,,,,,,,,,,,1,0,,,1,,,CU,CUB
Cuba,192,AMR,2012,,,,,,,,,,,,,0,0,,,1,1,,CU,CUB
Cuba,192,AMR,2013,,,,,,,,,,,,,1,0,,,1,1,1,CU,CUB
Cuba,192,AMR,2014,,,,,,,,,,,,,1,0,,,1,1,1,CU,CUB
Curaçao,531,AMR,2010,,,,,,,,,,,,,0,1,,,1,,,CW,CUW
Curaçao,531,AMR,2011,,,,,,,,,,,,,,1,,,1,,,CW,CUW
Curaçao,531,AMR,2012,,,,,,,,,,,,,0,1,,,1,1,,CW,CUW
Curaçao,531,AMR,2013,,,,,,,,,,,,,1,1,,,1,1,1,CW,CUW
Curaçao,531,AMR,2014,,,,,,,,,,,,,1,1,,,1,1,1,CW,CUW
Cyprus,196,EUR,2009,,,,,,,,,,,,,,,,,,,,CY,CYP
Cyprus,196,EUR,2010,,,,,,,,,,,,,,,,,,,,CY,CYP
Cyprus,196,EUR,2011,,,,,,,,,,,,,,,,,,,,CY,CYP
Cyprus,196,EUR,2012,,,,,,,,,,,,,,,,,,,,CY,CYP
Cyprus,196,EUR,2013,,,,,,,,,,,,,,,,,,,,CY,CYP
Cyprus,196,EUR,2014,,,,,,,,,,,,,,,,,,,,CY,CYP
Czech Republic,203,EUR,2009,,,,,,,,,,,,,1,0,,,1,,,CZ,CZE
Czech Republic,203,EUR,2010,44,42,40,,44,17,17,17,3,0,,,1,0,,,1,,,CZ,CZE
Czech Republic,203,EUR,2011,48,40,37,,48,17,17,16,17,17,,,1,0,,,1,,,CZ,CZE
Czech Republic,203,EUR,2012,46,40,39,,46,19,10,10,19,10,,0,1,0,1,1,1,1,,CZ,CZE
Czech Republic,203,EUR,2013,40,40,38,,40,17,17,16,18,18,,0,1,0,1,1,1,1,1,CZ,CZE
Czech Republic,203,EUR,2014,39,39,35,19,38,16,16,14,17,17,,0,1,0,1,1,1,1,1,CZ,CZE
Democratic People's Republic of Korea,408,SEA,2009,285,285,,,,,,,,,,,0,0,,,1,,,KP,PRK
Democratic People's Republic of Korea,408,SEA,2010,285,284,236,,,,,,,,,,0,0,,,1,,,KP,PRK
Democratic People's Republic of Korea,408,SEA,2011,285,284,222,1,1,1,1,,0,0,0,0,,1,,,,,,KP,PRK
Democratic People's Republic of Korea,408,SEA,2012,320,307,279,1,1,1,0,,0,,0,,0,1,0,0,1,1,,KP,PRK
Democratic People's Republic of Korea,408,SEA,2013,336,336,306,1,1,1,1,0,0,0,1,0,0,1,0,0,1,1,1,KP,PRK
Democratic People's Republic of Korea,408,SEA,2014,358,358,333,1,1,1,1,0,0,0,1,1,0,1,0,0,1,1,1,KP,PRK
Democratic Republic of the Congo,180,AFR,2009,1421,,,,1,1,1,,,,,,0,0,,,1,,,CD,COD
Democratic Republic of the Congo,180,AFR,2010,1460,1400,1050,,1,1,1,1,0,0,,,0,0,,,1,,,CD,COD
Democratic Republic of the Congo,180,AFR,2011,1508,1281,1117,0,1,1,1,1,0,0,0,0,1,,,,1,,,CD,COD
Democratic Republic of the Congo,180,AFR,2012,1522,1217,851,2,4,2,2,2,1,1,26,26,1,1,1,1,1,1,,CD,COD
Democratic Republic of the Congo,180,AFR,2013,1522,1293,711,20,2,1,1,1,1,,26,26,1,,,1,1,1,1,CD,COD
Democratic Republic of the Congo,180,AFR,2014,1604,1031,826,20,4,3,2,2,1,1,39,37,1,1,,1,1,1,1,CD,COD
Denmark,208,EUR,2009,,,,,,,,,,,,,1,0,,,1,,,DK,DNK
Denmark,208,EUR,2010,10,,,,1,1,1,1,1,,,,1,1,,,1,,,DK,DNK
Denmark,208,EUR,2011,,,,,,,,,,,,,,,,,,,,DK,DNK
Denmark,208,EUR,2012,12,,,,1,1,1,1,1,1,,,1,0,0,1,1,1,,DK,DNK
Denmark,208,EUR,2013,,,,,,,,,,,,,,,,,,,,DK,DNK
Denmark,208,EUR,2014,,,,,,,,,,,,,,,,,,,,DK,DNK
Djibouti,262,EMR,2009,16,15,15,,1,0,0,0,0,0,,,0,1,,,1,,,DJ,DJI
Djibouti,262,EMR,2010,16,15,15,,0,0,0,0,0,0,,,0,1,,,1,,,DJ,DJI
Djibouti,262,EMR,2011,16,15,13,0,0,0,,,0,,0,,0,0,,,1,,,DJ,DJI
Djibouti,262,EMR,2012,18,14,10,0,1,1,1,1,1,1,1,0,1,0,0,0,1,,,DJ,DJI
Djibouti,262,EMR,2013,14,14,11,1,1,1,,,1,,1,,0,1,0,0,1,1,0,DJ,DJI
Djibouti,262,EMR,2014,18,14,12,1,1,1,,,1,,1,,0,0,0,0,1,1,0,DJ,DJI
Dominica,212,AMR,2009,,,,,,,,,,,,,0,1,,,1,,,DM,DMA
Dominica,212,AMR,2010,,,,,,,,,,,,,0,1,,,1,,,DM,DMA
Dominica,212,AMR,2011,,,,,,,,,,,,,0,1,,,1,,,DM,DMA
Dominica,212,AMR,2012,,,,,,,,,,,,,0,1,,,1,1,,DM,DMA
Dominica,212,AMR,2013,,,,,,,,,,,,,0,1,,,0,,,DM,DMA
Dominica,212,AMR,2014,,,,,,,,,,,,,0,1,,,0,,,DM,DMA
Dominican Republic,214,AMR,2009,200,150,145,,7,1,1,1,0,0,,,0,0,,,1,,,DO,DOM
Dominican Republic,214,AMR,2010,228,213,199,,8,1,1,1,0,0,,,1,1,,,1,,,DO,DOM
Dominican Republic,214,AMR,2011,228,228,213,2,11,1,1,1,0,0,0,0,1,0,,,1,,,DO,DOM
Dominican Republic,214,AMR,2012,209,188,188,5,12,2,2,2,0,0,0,0,1,0,1,1,1,1,,DO,DOM
Dominican Republic,214,AMR,2013,188,188,167,5,13,2,2,2,0,0,0,0,1,0,1,1,1,1,1,DO,DOM
Dominican Republic,214,AMR,2014,188,168,161,14,13,2,2,2,1,1,0,0,1,0,1,0,1,1,1,DO,DOM
Ecuador,218,AMR,2009,311,311,295,,16,1,1,1,,,,,1,0,,,1,,,EC,ECU
Ecuador,218,AMR,2010,321,321,321,,17,1,1,1,0,0,,,1,,,,1,,,EC,ECU
Ecuador,218,AMR,2011,325,325,304,0,17,1,1,1,0,,5,,1,0,,,1,,,EC,ECU
Ecuador,218,AMR,2012,354,354,325,0,18,1,,,,,5,5,1,0,1,1,1,1,,EC,ECU
Ecuador,218,AMR,2013,325,325,324,0,26,1,1,1,0,0,5,5,1,0,1,1,1,1,0,EC,ECU
Ecuador,218,AMR,2014,319,319,319,0,20,1,1,,0,0,4,4,1,0,1,1,1,1,1,EC,ECU
Egypt,818,EMR,2009,251,149,145,,18,1,1,1,0,0,,,1,,,,1,,,EG,EGY
Egypt,818,EMR,2010,293,157,154,,18,1,1,1,0,0,,,1,0,,,1,,,EG,EGY
Egypt,818,EMR,2011,247,157,154,0,18,1,1,1,0,0,0,0,1,0,,,1,,,EG,EGY
Egypt,818,EMR,2012,162,145,6,0,18,1,1,0,0,0,0,0,1,0,1,1,1,1,,EG,EGY
Egypt,818,EMR,2013,162,125,120,10,18,2,2,0,0,0,0,0,1,0,1,1,1,1,1,EG,EGY
Egypt,818,EMR,2014,162,114,110,19,18,2,2,2,0,0,0,0,1,0,0,1,1,1,1,EG,EGY
El Salvador,222,AMR,2009,200,200,200,,10,1,1,1,0,0,,,0,0,,,1,,,SV,SLV
El Salvador,222,AMR,2010,198,198,198,,10,1,1,1,0,0,,,0,0,,,1,,,SV,SLV
El Salvador,222,AMR,2011,204,204,204,0,22,1,1,1,0,0,0,0,0,0,,,1,,,SV,SLV
El Salvador,222,AMR,2012,210,207,207,0,11,1,1,1,0,0,1,0,0,1,1,1,1,1,,SV,SLV
El Salvador,222,AMR,2013,201,201,201,58,25,1,1,1,0,0,4,0,0,1,1,1,1,1,0,SV,SLV
El Salvador,222,AMR,2014,195,195,195,58,25,1,1,1,0,0,4,0,0,1,1,1,1,1,0,SV,SLV
Equatorial Guinea,226,AFR,2009,29,0,0,,0,0,0,0,0,0,,,0,0,,,0,,,GQ,GNQ
Equatorial Guinea,226,AFR,2010,23,0,0,,0,0,0,0,0,0,,,0,0,,,0,,,GQ,GNQ
Equatorial Guinea,226,AFR,2011,,0,0,,0,0,0,0,0,0,0,0,0,0,,,0,,,GQ,GNQ
Equatorial Guinea,226,AFR,2012,,,,,,,,,,,,,,,,,,,,GQ,GNQ
Equatorial Guinea,226,AFR,2013,,,,,,,,,,,,,,,,,,,,GQ,GNQ
Equatorial Guinea,226,AFR,2014,8,0,0,0,0,0,0,0,0,0,0,0,0,1,0,0,0,,,GQ,GNQ
Eritrea,232,AFR,2009,77,,,,1,1,,,0,,,,0,0,,,1,,,ER,ERI
Eritrea,232,AFR,2010,77,7,7,,1,1,1,0,0,0,,,0,0,,,1,,,ER,ERI
Eritrea,232,AFR,2011,77,77,0,0,0,0,0,0,0,0,0,0,0,0,,,1,,,ER,ERI
Eritrea,232,AFR,2012,77,40,40,0,0,0,0,0,0,0,0,0,0,0,0,0,1,0,,ER,ERI
Eritrea,232,AFR,2013,59,31,7,0,1,1,0,0,0,0,5,5,0,0,0,1,1,1,0,ER,ERI
Eritrea,232,AFR,2014,64,55,50,0,1,1,0,0,0,0,5,0,0,0,0,1,1,1,0,ER,ERI
Estonia,233,EUR,2009,8,8,8,,2,2,2,2,0,0,,,1,0,,,1,,,EE,EST
Estonia,233,EUR,2010,6,6,6,,2,2,2,2,2,1,,,1,0,,,1,,,EE,EST
Estonia,233,EUR,2011,5,5,5,2,2,2,2,2,2,0,2,1,1,0,,,1,,,EE,EST
Estonia,233,EUR,2012,5,5,5,5,2,2,2,2,2,2,2,2,1,0,0,1,1,1,,EE,EST
Estonia,233,EUR,2013,6,6,6,2,2,2,2,2,2,1,2,2,1,0,0,1,1,1,1,EE,EST
Estonia,233,EUR,2014,6,6,6,2,2,2,2,2,2,1,4,2,1,0,0,1,1,1,1,EE,EST
Ethiopia,231,AFR,2009,1187,310,290,,2,2,2,,0,0,,,0,1,,,1,,,ET,ETH
Ethiopia,231,AFR,2010,1876,,,,2,2,2,2,2,2,,,1,0,,,1,,,ET,ETH
Ethiopia,231,AFR,2011,1947,,,,2,1,1,1,2,2,,,1,0,,,1,,,ET,ETH
Ethiopia,231,AFR,2012,2531,1445,,0,5,1,,1,5,4,7,,0,0,1,1,1,1,,ET,ETH
Ethiopia,231,AFR,2013,2107,1517,,282,7,7,,,7,,23,,1,0,1,1,1,1,1,ET,ETH
Ethiopia,231,AFR,2014,2972,1969,,282,8,8,,,8,,28,,1,0,1,1,1,1,1,ET,ETH
Fiji,242,WPR,2009,4,1,1,,1,0,0,0,0,0,,,,1,,,1,,,FJ,FJI
Fiji,242,WPR,2010,4,4,3,,1,0,0,0,0,0,,,0,1,,,1,,,FJ,FJI
Fiji,242,WPR,2011,4,4,4,0,1,0,0,0,0,0,0,0,0,1,,,1,,,FJ,FJI
Fiji,242,WPR,2012,4,4,4,0,1,0,0,0,0,0,3,3,0,0,0,0,1,1,,FJ,FJI
Fiji,242,WPR,2013,4,4,4,0,1,0,0,0,0,0,3,0,0,0,0,1,1,1,1,FJ,FJI
Fiji,242,WPR,2014,5,4,4,0,1,0,0,0,0,0,3,0,0,1,0,0,1,1,1,FJ,FJI
Finland,246,EUR,2009,,,,,,,,,,,,,1,0,,,1,,,FI,FIN
Finland,246,EUR,2010,11,10,,,11,2,2,,5,5,,,1,,,,1,,,FI,FIN
Finland,246,EUR,2011,21,13,,,11,1,1,1,5,,3,,1,,,,1,,,FI,FIN
Finland,246,EUR,2012,11,11,11,11,11,1,1,1,3,,1,,1,0,,,1,1,,FI,FIN
Finland,246,EUR,2013,10,10,10,10,10,1,1,1,4,4,3,3,1,,,,1,1,1,FI,FIN
Finland,246,EUR,2014,10,10,,10,10,1,1,,5,5,4,4,1,0,0,0,1,1,1,FI,FIN
France,250,EUR,2009,,,,,,,,,,,,,1,0,,,1,,,FR,FRA
France,250,EUR,2010,210,,,,210,80,35,35,,,,,1,0,,,1,,,FR,FRA
France,250,EUR,2011,235,0,,,230,70,35,35,21,,20,,1,0,,,1,,,FR,FRA
France,250,EUR,2012,235,0,,,230,70,35,35,21,,20,,1,0,,,1,,,FR,FRA
France,250,EUR,2013,235,,,,230,70,35,35,21,,20,,1,0,1,1,1,1,,FR,FRA
France,250,EUR,2014,178,,,,178,60,,,37,,50,,1,,1,1,1,1,1,FR,FRA
French Polynesia,258,WPR,2009,3,2,2,,2,0,0,0,0,0,,,0,1,,,0,,,PF,PYF
French Polynesia,258,WPR,2010,3,2,2,,2,2,2,2,0,0,,,0,0,,,1,,,PF,PYF
French Polynesia,258,WPR,2011,,,,,,,,,,,,,0,1,,,1,,,PF,PYF
French Polynesia,258,WPR,2012,,,,,,,,,,,,,0,1,,,1,1,,PF,PYF
French Polynesia,258,WPR,2013,,,,,,,,,,,,,0,1,,,1,1,0,PF,PYF
French Polynesia,258,WPR,2014,,,,,,,,,,,,,0,0,,,1,0,1,PF,PYF
Gabon,266,AFR,2009,14,0,0,,1,1,0,0,0,0,,,0,1,,,0,,,GA,GAB
Gabon,266,AFR,2010,15,1,1,,1,1,0,0,0,0,,,0,0,,,0,,,GA,GAB
Gabon,266,AFR,2011,15,1,1,,1,1,0,0,0,0,0,0,0,0,,,0,,,GA,GAB
Gabon,266,AFR,2012,15,1,1,0,1,1,0,0,0,0,0,0,0,0,1,1,1,0,,GA,GAB
Gabon,266,AFR,2013,20,1,1,1,1,0,0,0,0,0,0,0,0,1,1,1,1,0,0,GA,GAB
Gabon,266,AFR,2014,17,1,0,1,1,0,0,0,1,1,3,2,0,0,1,1,1,0,0,GA,GAB
Gambia,270,AFR,2009,32,25,,,1,1,0,0,0,0,,,0,0,,,1,,,GM,GMB
Gambia,270,AFR,2010,29,29,26,,1,1,0,0,0,0,,,0,0,,,1,,,GM,GMB
Gambia,270,AFR,2011,32,32,32,10,1,1,,,,,,,1,0,,,1,,,GM,GMB
Gambia,270,AFR,2012,32,32,30,10,1,1,1,1,0,0,0,0,0,0,1,1,1,1,,GM,GMB
Gambia,270,AFR,2013,33,33,33,10,1,1,1,1,0,0,1,1,1,0,1,1,1,1,0,GM,GMB
Gambia,270,AFR,2014,33,30,28,15,1,1,1,1,0,0,1,1,1,0,1,0,1,0,0,GM,GMB
Georgia,268,EUR,2009,30,30,29,,2,1,1,1,1,,,,1,0,,,1,,,GE,GEO
Georgia,268,EUR,2010,29,29,29,,2,1,1,1,1,0,,,1,0,,,1,,,GE,GEO
Georgia,268,EUR,2011,29,29,29,,2,1,1,1,1,0,1,0,1,0,,,1,,,GE,GEO
Georgia,268,EUR,2012,11,11,8,1,2,1,1,1,2,1,1,0,1,0,0,0,1,1,,GE,GEO
Georgia,268,EUR,2013,11,11,10,1,2,1,1,1,2,1,1,0,1,0,0,1,1,1,0,GE,GEO
Georgia,268,EUR,2014,11,11,10,1,2,1,1,1,2,2,11,0,1,0,0,1,1,1,0,GE,GEO
Germany,276,EUR,2009,,,,,,,,,,,,,1,0,,,1,,,DE,DEU
Germany,276,EUR,2010,250,,,,191,73,,,,,,,1,,,,1,,,DE,DEU
Germany,276,EUR,2011,254,,,,189,84,,,,,,,1,,,,1,,,DE,DEU
Germany,276,EUR,2012,254,254,248,,189,84,84,82,75,74,141,140,1,,,,1,,,DE,DEU
Germany,276,EUR,2013,242,242,240,,176,74,74,73,,,,,1,1,1,1,1,,1,DE,DEU
Germany,276,EUR,2014,244,244,239,,177,72,72,71,,,,,1,,1,1,1,1,0,DE,DEU
Ghana,288,AFR,2009,230,180,155,,3,2,1,1,,,,,0,0,,,1,,,GH,GHA
Ghana,288,AFR,2010,254,204,176,,3,3,1,1,0,0,,,0,0,,,1,,,GH,GHA
Ghana,288,AFR,2011,276,184,166,0,3,3,0,0,1,0,0,0,0,0,,,1,,,GH,GHA
Ghana,288,AFR,2012,276,110,45,3,3,3,1,1,3,0,0,0,0,0,1,1,1,1,,GH,GHA
Ghana,288,AFR,2013,300,231,173,153,3,3,2,2,2,2,4,4,0,,1,1,1,1,1,GH,GHA
Ghana,288,AFR,2014,300,272,246,156,3,3,2,2,2,0,13,13,0,0,0,0,1,1,1,GH,GHA
Greece,300,EUR,2009,,,,,,,,,,,,,1,0,,,1,,,GR,GRC
Greece,300,EUR,2010,,,,,,,,,,,,,1,0,,,1,,,GR,GRC
Greece,300,EUR,2011,,,,,,,,,,,,,,,,,,,,GR,GRC
Greece,300,EUR,2012,71,1,1,0,54,7,1,1,1,1,1,0,1,1,1,1,1,1,,GR,GRC
Greece,300,EUR,2013,71,1,1,0,54,7,1,1,2,1,2,1,1,,,1,1,1,1,GR,GRC
Greece,300,EUR,2014,,,,,,,,,,,,,,,,,,,,GR,GRC
Greenland,304,EUR,2009,,,,,,,,,,,,,,,,,,,,GL,GRL
Greenland,304,EUR,2010,,,,,,,,,,,,,,,,,,,,GL,GRL
Greenland,304,EUR,2011,,,,,,,,,,,,,,,,,,,,GL,GRL
Greenland,304,EUR,2012,,,,,,,,,,,,,,,,,,,,GL,GRL
Greenland,304,EUR,2013,,,,,,,,,,,,,,,,,,,,GL,GRL
Greenland,304,EUR,2014,,,,,,,,,,,,,,,,,,,,GL,GRL
Grenada,308,AMR,2009,,,,,,,,,,,,,0,1,,,0,,,GD,GRD
Grenada,308,AMR,2010,,,,,,,,,,,,,0,1,,,0,,,GD,GRD
Grenada,308,AMR,2011,,,,,,,,,,,,,0,1,,,0,,,GD,GRD
Grenada,308,AMR,2012,,,,,,,,,,,,,0,,,,,,,GD,GRD
Grenada,308,AMR,2013,,,,,,,,,,,,,0,,,,,,,GD,GRD
Grenada,308,AMR,2014,,,,,,,,,,,,,0,,,,,,,GD,GRD
Guam,316,WPR,2009,1,1,1,,1,1,1,1,0,0,,,0,1,,,1,,,GU,GUM
Guam,316,WPR,2010,4,4,4,,4,4,4,4,0,0,,,0,1,,,1,,,GU,GUM
Guam,316,WPR,2011,,,,,,,,,,,,,1,0,,,1,,,GU,GUM
Guam,316,WPR,2012,,,,,,,,,,,,,0,1,,,1,1,,GU,GUM
Guam,316,WPR,2013,,,,,,,,,,,,,,1,,,1,1,1,GU,GUM
Guam,316,WPR,2014,,,,,,,,,,,,,0,1,,,1,1,1,GU,GUM
Guatemala,320,AMR,2009,234,224,214,,12,1,1,1,0,0,,,1,1,,,1,,,GT,GTM
Guatemala,320,AMR,2010,267,189,179,,11,1,1,0,0,0,,,0,1,,,1,,,GT,GTM
Guatemala,320,AMR,2011,267,145,145,0,12,3,1,1,0,0,0,0,0,1,,,1,,,GT,GTM
Guatemala,320,AMR,2012,284,216,214,50,10,3,1,1,0,0,0,0,0,1,1,1,1,1,,GT,GTM
Guatemala,320,AMR,2013,267,267,147,50,12,1,1,1,1,1,0,0,0,1,0,0,1,1,1,GT,GTM
Guatemala,320,AMR,2014,289,284,216,50,10,3,1,1,3,0,11,0,0,1,1,1,1,1,0,GT,GTM
Guinea,324,AFR,2009,53,53,42,,1,1,,,,,,,1,0,,,1,,,GN,GIN
Guinea,324,AFR,2010,60,60,50,,1,1,1,1,0,0,,,0,0,,,1,,,GN,GIN
Guinea,324,AFR,2011,53,48,38,1,1,1,0,0,0,0,1,0,0,0,,,1,,,GN,GIN
Guinea,324,AFR,2012,53,52,42,3,1,1,1,1,0,0,1,0,0,0,1,,1,1,,GN,GIN
Guinea,324,AFR,2013,55,49,40,3,1,1,0,0,0,0,1,0,1,1,1,0,1,0,0,GN,GIN
Guinea,324,AFR,2014,55,28,21,2,1,1,1,1,0,0,1,1,0,0,1,1,1,0,1,GN,GIN
Guinea-Bissau,624,AFR,2009,53,1,,,,,,,,,,,0,0,,,1,,,GW,GNB
Guinea-Bissau,624,AFR,2010,39,0,0,,1,0,0,0,0,0,,,0,0,,,1,,,GW,GNB
Guinea-Bissau,624,AFR,2011,20,17,11,0,1,,,,,,,,0,0,,,1,,,GW,GNB
Guinea-Bissau,624,AFR,2012,21,21,19,0,1,0,0,0,0,0,1,0,0,1,0,0,1,1,,GW,GNB
Guinea-Bissau,624,AFR,2013,20,20,19,0,1,0,0,0,1,,1,,0,1,0,1,1,1,0,GW,GNB
Guinea-Bissau,624,AFR,2014,20,20,19,0,1,0,0,0,0,0,1,0,0,0,0,0,1,1,0,GW,GNB
Guyana,328,AMR,2009,21,4,4,,1,0,0,0,0,0,,,0,0,,,1,,,GY,GUY
Guyana,328,AMR,2010,20,15,15,,1,1,0,0,1,0,,,1,1,,,1,,,GY,GUY
Guyana,328,AMR,2011,20,20,20,20,1,1,1,1,1,1,0,0,1,1,,,1,,,GY,GUY
Guyana,328,AMR,2012,20,20,20,20,1,1,1,1,1,1,0,0,1,1,1,1,1,1,,GY,GUY
Guyana,328,AMR,2013,24,20,20,24,1,1,1,1,1,1,0,0,1,0,1,1,1,1,1,GY,GUY
Guyana,328,AMR,2014,20,15,15,0,1,0,0,0,1,1,1,1,0,0,1,1,1,1,1,GY,GUY
Haiti,332,AMR,2009,,,,,,,,,,,,,,,,,,,,HT,HTI
Haiti,332,AMR,2010,234,73,73,,1,1,1,1,1,,,,0,1,,,1,,,HT,HTI
Haiti,332,AMR,2011,223,151,64,15,2,2,1,1,2,0,1,0,0,1,,,1,,,HT,HTI
Haiti,332,AMR,2012,256,236,,15,2,2,,,2,,7,,1,,1,1,1,1,,HT,HTI
Haiti,332,AMR,2013,231,131,,6,2,2,2,2,2,2,6,6,1,1,1,1,1,1,1,HT,HTI
Haiti,332,AMR,2014,221,174,158,17,1,1,1,,1,,20,6,0,1,1,,1,1,1,HT,HTI
Honduras,340,AMR,2009,145,93,93,,5,1,1,0,0,0,,,1,,,,1,,,HN,HND
Honduras,340,AMR,2010,153,55,53,,5,1,1,1,0,0,,,0,1,,,1,,,HN,HND
Honduras,340,AMR,2011,165,91,91,0,5,1,1,1,0,0,0,0,,1,,,1,,,HN,HND
Honduras,340,AMR,2012,170,141,140,0,5,1,1,1,0,0,0,0,0,1,1,1,1,1,,HN,HND
Honduras,340,AMR,2013,173,119,118,0,5,1,1,1,0,0,0,0,0,1,1,1,1,1,0,HN,HND
Honduras,340,AMR,2014,184,146,146,6,6,1,0,0,0,0,0,0,0,1,0,1,1,1,1,HN,HND
Hungary,348,EUR,2009,,,,,,,,,,,,,1,0,,,1,,,HU,HUN
Hungary,348,EUR,2010,12,12,12,,12,7,3,3,2,2,,,1,,,,1,,,HU,HUN
Hungary,348,EUR,2011,13,10,9,0,13,7,3,3,2,2,2,1,1,0,,,1,,,HU,HUN
Hungary,348,EUR,2012,12,12,11,0,12,7,3,3,2,,3,2,1,,1,1,1,1,,HU,HUN
Hungary,348,EUR,2013,11,10,9,0,11,7,5,4,2,1,2,2,1,,1,1,1,1,1,HU,HUN
Hungary,348,EUR,2014,11,11,10,0,11,6,3,3,2,1,3,1,1,0,1,,1,1,0,HU,HUN
Iceland,352,EUR,2009,,,,,,,,,,,,,0,1,,,1,,,IS,ISL
Iceland,352,EUR,2010,1,0,0,,1,0,0,0,0,0,,,0,1,,,1,,,IS,ISL
Iceland,352,EUR,2011,1,1,1,1,1,1,1,1,1,1,0,0,0,1,,,1,,,IS,ISL
Iceland,352,EUR,2012,1,1,1,1,1,1,1,1,1,1,0,0,0,1,0,0,1,0,,IS,ISL
Iceland,352,EUR,2013,,,,,,,,,,,,,,,,,,,,IS,ISL
Iceland,352,EUR,2014,1,0,0,0,1,0,0,0,1,0,0,0,0,1,0,0,1,1,0,IS,ISL
India,356,SEA,2009,12704,12704,11664,,17,17,17,,1,0,,,1,,,,1,,,IN,IND
India,356,SEA,2010,12870,12870,11710,,19,19,19,19,3,3,,,1,,,,1,,,IN,IND
India,356,SEA,2011,13026,12542,8334,235,37,37,37,37,17,17,18,18,1,0,,,1,,,IN,IND
India,356,SEA,2012,13098,13098,9642,235,70,38,38,38,33,33,32,30,1,,1,1,1,1,,IN,IND
India,356,SEA,2013,13048,13048,,200,53,45,45,45,41,41,54,54,1,,1,1,1,1,1,IN,IND
India,356,SEA,2014,13583,13583,,245,67,62,62,62,50,50,121,121,1,,1,1,1,1,1,IN,IND
Indonesia,360,SEA,2009,5118,2088,1178,,43,5,5,5,0,0,,,1,0,,,0,,,ID,IDN
Indonesia,360,SEA,2010,5118,1894,1431,,45,5,5,5,0,0,,,1,0,,,1,,,ID,IDN
Indonesia,360,SEA,2011,5566,2951,2678,0,46,5,5,5,2,2,5,5,1,0,,,1,,,ID,IDN
Indonesia,360,SEA,2012,5566,3284,2463,0,46,5,5,5,2,2,9,9,1,0,1,1,1,1,,ID,IDN
Indonesia,360,SEA,2013,5566,2616,1962,0,18,10,10,7,2,2,23,23,1,0,1,1,1,1,1,ID,IDN
Indonesia,360,SEA,2014,5689,3413,2275,0,20,15,15,12,2,2,41,41,1,0,1,0,1,1,1,ID,IDN
Iran (Islamic Republic of),364,EMR,2009,376,0,0,,38,2,0,0,,,,,1,0,,,1,,,IR,IRN
Iran (Islamic Republic of),364,EMR,2010,391,120,110,,48,2,2,,0,0,,,1,0,,,1,,,IR,IRN
Iran (Islamic Republic of),364,EMR,2011,396,212,212,0,55,6,6,2,0,0,0,0,1,0,,,1,,,IR,IRN
Iran (Islamic Republic of),364,EMR,2012,396,220,220,0,55,7,5,5,0,0,0,0,1,0,1,1,1,1,,IR,IRN
Iran (Islamic Republic of),364,EMR,2013,401,240,240,40,55,12,12,12,0,0,3,3,1,0,1,1,1,1,1,IR,IRN
Iran (Islamic Republic of),364,EMR,2014,401,240,240,40,55,12,12,12,0,0,3,3,1,0,1,1,1,1,1,IR,IRN
Iraq,368,EMR,2009,110,109,109,,4,1,0,0,0,0,,,1,0,,,1,,,IQ,IRQ
Iraq,368,EMR,2010,191,191,174,,4,1,1,1,0,0,,,1,0,,,1,,,IQ,IRQ
Iraq,368,EMR,2011,270,250,211,0,4,1,1,1,0,0,0,0,1,,,,1,,,IQ,IRQ
Iraq,368,EMR,2012,270,250,244,0,10,1,1,1,0,0,5,5,0,1,1,1,1,1,,IQ,IRQ
Iraq,368,EMR,2013,273,273,265,0,8,1,1,1,1,1,13,13,1,,1,1,1,1,1,IQ,IRQ
Iraq,368,EMR,2014,286,274,271,0,10,1,1,0,1,0,11,0,0,1,1,1,1,1,1,IQ,IRQ
Ireland,372,EUR,2009,,,,,,,,,,,,,0,1,,,1,,,IE,IRL
Ireland,372,EUR,2010,13,12,12,,13,3,3,3,3,3,,,0,1,,,1,,,IE,IRL
Ireland,372,EUR,2011,13,13,13,1,13,3,2,2,3,3,2,2,0,1,,,1,,,IE,IRL
Ireland,372,EUR,2012,11,11,11,3,10,3,2,2,2,2,3,3,0,1,0,1,1,1,,IE,IRL
Ireland,372,EUR,2013,11,11,11,5,9,2,2,2,3,2,4,4,0,1,1,1,1,1,1,IE,IRL
Ireland,372,EUR,2014,11,11,11,5,10,3,2,2,2,2,5,5,0,1,1,1,1,1,1,IE,IRL
Israel,376,EUR,2009,,,,,,,,,,,,,1,0,,,1,,,IL,ISR
Israel,376,EUR,2010,20,0,0,,20,2,0,0,1,0,,,1,0,,,1,,,IL,ISR
Israel,376,EUR,2011,19,17,17,,19,2,2,2,1,1,1,0,1,0,,,1,,,IL,ISR
Israel,376,EUR,2012,19,17,17,,19,2,2,2,1,1,1,0,1,0,0,1,1,1,,IL,ISR
Israel,376,EUR,2013,19,17,17,,19,2,2,2,,,,,1,0,0,1,1,1,1,IL,ISR
Israel,376,EUR,2014,19,17,17,,19,2,2,2,,,,,1,0,0,1,1,1,1,IL,ISR
Italy,380,EUR,2009,,,,,,,,,,,,,,,,,1,,,IT,ITA
Italy,380,EUR,2010,,,,,34,34,30,,,,,,1,,,,1,,,IT,ITA
Italy,380,EUR,2011,,,,,,,,,,,,,,,,,,,,IT,ITA
Italy,380,EUR,2012,37,,,,37,37,,,17,,19,,1,0,0,0,1,0,,IT,ITA
Italy,380,EUR,2013,,,,,,39,35,35,,,,,1,,,,1,,,IT,ITA
Italy,380,EUR,2014,39,,,3,39,39,35,32,20,,26,,1,0,0,0,1,0,0,IT,ITA
Jamaica,388,AMR,2009,3,1,0,,0,0,0,0,0,0,,,0,0,,,1,,,JM,JAM
Jamaica,388,AMR,2010,3,1,0,,1,0,0,0,0,0,,,0,1,,,1,,,JM,JAM
Jamaica,388,AMR,2011,3,1,0,0,1,0,0,0,0,0,0,0,0,1,,,1,,,JM,JAM
Jamaica,388,AMR,2012,3,1,1,3,0,0,0,0,0,0,0,0,0,1,0,0,1,1,,JM,JAM
Jamaica,388,AMR,2013,3,1,1,3,0,0,0,0,0,0,0,0,0,1,1,1,1,1,1,JM,JAM
Jamaica,388,AMR,2014,3,2,2,3,0,0,0,0,0,0,0,0,0,1,1,1,1,1,1,JM,JAM
Japan,392,WPR,2009,,,,,,,,,,,,,1,0,,,1,,,JP,JPN
Japan,392,WPR,2010,,,,,,,,,,,,,1,0,,,1,,,JP,JPN
Japan,392,WPR,2011,,,,,,,,,,,,,1,0,,,1,,,JP,JPN
Japan,392,WPR,2012,,,,,,,,,,,,,1,1,,,1,1,,JP,JPN
Japan,392,WPR,2013,,,,,,,,,,,,,1,0,,,0,,,JP,JPN
Japan,392,WPR,2014,,,,,,,,,,,,,1,0,,,0,,,JP,JPN
Jordan,400,EMR,2009,155,24,5,,50,1,1,0,0,0,,,0,0,,,1,,,JO,JOR
Jordan,400,EMR,2010,160,26,25,,55,1,1,1,0,0,,,0,0,,,1,,,JO,JOR
Jordan,400,EMR,2011,150,30,24,0,50,1,1,1,0,0,0,0,0,0,,,1,,,JO,JOR
Jordan,400,EMR,2012,12,12,11,0,1,1,1,1,0,0,1,0,0,0,0,0,1,1,,JO,JOR
Jordan,400,EMR,2013,13,13,13,0,1,1,1,1,0,0,1,1,0,0,1,1,1,0,0,JO,JOR
Jordan,400,EMR,2014,150,20,17,0,75,1,1,1,0,0,1,1,0,0,1,1,1,0,0,JO,JOR
Kazakhstan,398,EUR,2009,458,458,458,,89,22,22,22,,,,,1,0,,,1,,,KZ,KAZ
Kazakhstan,398,EUR,2010,466,466,466,,100,22,22,22,0,0,,,0,0,,,0,,,KZ,KAZ
Kazakhstan,398,EUR,2011,466,466,466,0,100,22,22,22,10,0,0,0,0,0,,,1,,,KZ,KAZ
Kazakhstan,398,EUR,2012,466,466,466,0,,22,22,22,11,0,4,0,1,0,1,0,1,1,,KZ,KAZ
Kazakhstan,398,EUR,2013,466,466,466,0,,22,22,22,12,0,19,0,1,0,0,0,1,1,1,KZ,KAZ
Kazakhstan,398,EUR,2014,466,466,466,0,85,22,22,22,12,,23,,1,0,0,0,1,1,1,KZ,KAZ
Kenya,404,AFR,2009,1183,614,405,,6,4,4,4,3,3,,,0,1,,,1,,,KE,KEN
Kenya,404,AFR,2010,1341,1116,1037,,6,4,4,4,3,3,,,0,1,,,1,,,KE,KEN
Kenya,404,AFR,2011,1581,1292,1234,150,6,1,1,1,1,1,3,0,0,1,,,1,,,KE,KEN
Kenya,404,AFR,2012,1818,1519,1410,150,2,2,2,2,2,2,15,0,1,1,1,1,1,1,,KE,KEN
Kenya,404,AFR,2013,1860,1704,1704,160,7,6,1,1,2,1,21,21,0,0,1,1,1,1,1,KE,KEN
Kenya,404,AFR,2014,1920,1574,1574,400,3,3,3,3,5,1,70,30,0,0,1,1,1,1,1,KE,KEN
Kiribati,296,WPR,2009,2,1,1,,,,,,,,,,0,1,,,0,,,KI,KIR
Kiribati,296,WPR,2010,2,1,1,,0,0,0,0,0,0,,,0,1,,,0,,,KI,KIR
Kiribati,296,WPR,2011,2,1,1,0,0,0,0,0,0,0,0,0,0,1,,,0,,,KI,KIR
Kiribati,296,WPR,2012,2,2,2,0,1,0,0,0,0,0,0,0,0,1,0,0,1,1,,KI,KIR
Kiribati,296,WPR,2013,2,1,1,1,1,0,0,0,0,0,0,0,0,1,0,0,0,,,KI,KIR
Kiribati,296,WPR,2014,2,1,1,0,1,0,0,0,0,0,0,0,0,1,0,0,1,1,1,KI,KIR
Kuwait,414,EMR,2009,12,12,0,,1,1,1,0,0,0,,,1,0,,,1,,,KW,KWT
Kuwait,414,EMR,2010,12,12,0,,1,1,1,0,0,0,,,0,0,,,1,,,KW,KWT
Kuwait,414,EMR,2011,12,0,0,0,1,1,0,0,0,0,0,0,0,0,,,1,,,KW,KWT
Kuwait,414,EMR,2012,12,0,0,0,1,1,0,0,0,0,0,0,0,0,0,1,1,1,,KW,KWT
Kuwait,414,EMR,2013,,,,,,,,,,,,,0,0,,,1,1,1,KW,KWT
Kuwait,414,EMR,2014,,,,,,,,,,,,,0,0,,,1,1,0,KW,KWT
Kyrgyzstan,417,EUR,2009,122,119,83,,11,3,3,3,,,,,1,0,,,1,,,KG,KGZ
Kyrgyzstan,417,EUR,2010,122,41,41,,8,3,3,3,1,1,,,1,1,,,1,,,KG,KGZ
Kyrgyzstan,417,EUR,2011,122,4,,0,4,3,,,,,,,1,,,,1,,,KG,KGZ
Kyrgyzstan,417,EUR,2012,122,42,34,0,11,3,2,2,2,1,7,3,1,1,0,0,1,1,,KG,KGZ
Kyrgyzstan,417,EUR,2013,122,,,28,8,2,2,2,2,0,8,0,1,1,0,1,1,1,1,KG,KGZ
Kyrgyzstan,417,EUR,2014,131,128,95,11,7,2,2,2,2,,8,,1,1,0,0,1,1,1,KG,KGZ
Lao People's Democratic Republic,418,WPR,2009,155,155,146,,1,0,0,0,0,0,,,0,0,,,1,,,LA,LAO
Lao People's Democratic Republic,418,WPR,2010,157,157,145,,3,0,0,0,1,1,,,0,1,,,1,,,LA,LAO
Lao People's Democratic Republic,418,WPR,2011,157,157,142,0,3,0,0,0,0,0,0,0,0,1,,,1,,,LA,LAO
Lao People's Democratic Republic,418,WPR,2012,158,158,154,0,3,1,1,1,1,1,0,0,0,0,0,1,1,1,,LA,LAO
Lao People's Democratic Republic,418,WPR,2013,158,157,147,1,1,1,1,1,1,1,3,0,0,1,0,1,1,1,1,LA,LAO
Lao People's Democratic Republic,418,WPR,2014,156,156,148,0,1,1,1,1,1,1,3,3,0,1,0,1,1,1,0,LA,LAO
Latvia,428,EUR,2009,26,26,26,,5,1,1,1,1,1,,,1,0,,,1,,,LV,LVA
Latvia,428,EUR,2010,16,16,16,,4,1,1,1,1,1,,,1,0,,,1,,,LV,LVA
Latvia,428,EUR,2011,16,16,16,0,4,1,1,1,1,1,1,1,1,0,,,1,,,LV,LVA
Latvia,428,EUR,2012,16,16,16,0,4,1,1,1,1,1,2,2,1,0,1,1,1,1,,LV,LVA
Latvia,428,EUR,2013,16,16,16,0,4,1,1,1,1,1,2,2,1,0,1,1,0,,,LV,LVA
Latvia,428,EUR,2014,12,12,12,0,5,1,1,1,1,1,2,2,1,0,1,1,1,1,1,LV,LVA
Lebanon,422,EMR,2009,166,8,4,,3,1,0,0,1,0,,,0,1,,,1,,,LB,LBN
Lebanon,422,EMR,2010,165,3,3,,3,1,1,1,2,0,,,0,1,,,1,,,LB,LBN
Lebanon,422,EMR,2011,165,3,3,,3,1,1,1,2,0,3,1,0,1,,,1,,,LB,LBN
Lebanon,422,EMR,2012,280,3,3,0,3,1,1,1,2,,3,1,0,1,1,1,1,1,,LB,LBN
Lebanon,422,EMR,2013,180,,,9,20,1,1,1,0,0,0,0,,1,1,0,1,1,1,LB,LBN
Lebanon,422,EMR,2014,38,4,4,17,30,3,3,1,0,0,9,0,0,1,1,1,1,,,LB,LBN
Lesotho,426,AFR,2009,18,18,18,,1,1,,,1,,,,,1,,,0,,,LS,LSO
Lesotho,426,AFR,2010,17,17,17,,1,1,1,1,1,0,,,0,1,,,1,,,LS,LSO
Lesotho,426,AFR,2011,18,18,18,4,1,1,1,1,1,0,3,0,0,0,,,1,,,LS,LSO
Lesotho,426,AFR,2012,18,14,14,3,1,1,1,1,1,1,5,5,0,1,0,0,1,1,,LS,LSO
Lesotho,426,AFR,2013,18,17,,3,1,0,0,0,1,1,8,8,0,0,,1,1,1,1,LS,LSO
Lesotho,426,AFR,2014,18,18,5,5,1,1,1,1,1,1,17,14,0,1,1,1,1,1,1,LS,LSO
Liberia,430,AFR,2009,145,145,125,,0,0,0,0,0,0,,,1,,,,0,,,LR,LBR
Liberia,430,AFR,2010,145,145,99,,1,0,0,0,0,0,,,0,0,,,0,,,LR,LBR
Liberia,430,AFR,2011,153,153,122,0,0,0,0,0,0,0,0,0,0,0,,,1,,,LR,LBR
Liberia,430,AFR,2012,163,163,120,0,0,0,0,0,0,0,0,0,0,1,1,1,0,,,LR,LBR
Liberia,430,AFR,2013,170,170,153,0,1,1,1,1,0,0,0,0,0,0,1,1,1,1,1,LR,LBR
Liberia,430,AFR,2014,171,171,171,0,1,2,2,2,0,0,0,0,0,1,1,1,1,1,1,LR,LBR
Libya,434,EMR,2009,27,1,1,,3,2,0,0,0,0,,,0,0,,,1,,,LY,LBY
Libya,434,EMR,2010,,,,,,,,,,,,,,,,,,,,LY,LBY
Libya,434,EMR,2011,,,,,,,,,,,,,0,,,,1,,,LY,LBY
Libya,434,EMR,2012,26,,,,8,2,,,,,,,0,0,0,,1,1,,LY,LBY
Libya,434,EMR,2013,26,,,2,20,2,,,0,,0,,0,0,0,0,1,,,LY,LBY
Libya,434,EMR,2014,26,,,2,20,2,,,0,,0,,0,0,0,0,1,0,,LY,LBY
Lithuania,440,EUR,2009,13,1,1,,4,4,4,4,1,0,,,1,0,,,1,,,LT,LTU
Lithuania,440,EUR,2010,13,4,4,,6,6,4,4,1,1,,,1,1,,,1,,,LT,LTU
Lithuania,440,EUR,2011,13,4,4,0,6,6,4,4,2,1,5,1,1,1,,,1,,,LT,LTU
Lithuania,440,EUR,2012,13,11,11,1,6,6,6,6,2,1,7,1,1,1,1,1,1,1,,LT,LTU
Lithuania,440,EUR,2013,13,11,11,1,6,6,6,6,2,1,8,1,1,1,0,0,1,1,0,LT,LTU
Lithuania,440,EUR,2014,13,11,11,2,6,6,4,4,2,1,4,1,1,1,0,0,1,1,1,LT,LTU
Luxembourg,442,EUR,2009,,,,,,,,,,,,,,,,,,,,LU,LUX
Luxembourg,442,EUR,2010,1,1,1,,1,1,1,1,1,1,,,0,1,,,1,,,LU,LUX
Luxembourg,442,EUR,2011,1,1,1,1,1,1,1,1,1,1,1,1,0,1,,,1,,,LU,LUX
Luxembourg,442,EUR,2012,1,1,1,1,1,1,1,1,1,1,0,0,0,1,0,0,1,0,,LU,LUX
Luxembourg,442,EUR,2013,1,1,1,1,1,1,1,1,1,1,0,0,0,1,0,0,1,0,1,LU,LUX
Luxembourg,442,EUR,2014,1,1,1,1,1,1,1,1,1,1,0,0,0,1,0,0,1,1,1,LU,LUX
Madagascar,450,AFR,2009,251,98,77,,1,1,1,1,1,0,,,1,0,,,1,,,MG,MDG
Madagascar,450,AFR,2010,241,98,28,,1,1,1,1,1,1,,,1,0,,,1,,,MG,MDG
Madagascar,450,AFR,2011,222,135,126,5,1,1,1,1,1,1,,,1,0,,,1,,,MG,MDG
Madagascar,450,AFR,2012,218,127,51,12,1,1,0,0,1,0,5,0,0,0,0,0,1,1,,MG,MDG
Madagascar,450,AFR,2013,218,208,123,10,1,1,1,1,0,0,5,0,0,0,0,0,1,1,0,MG,MDG
Madagascar,450,AFR,2014,217,140,101,10,1,1,1,1,1,1,5,0,1,0,0,0,1,1,0,MG,MDG
Malawi,454,AFR,2009,202,202,0,,2,1,1,1,0,0,,,0,1,,,1,,,MW,MWI
Malawi,454,AFR,2010,216,205,175,,4,1,1,1,1,1,,,0,1,,,1,,,MW,MWI
Malawi,454,AFR,2011,231,231,231,30,3,1,1,1,1,0,8,0,0,1,,,1,,,MW,MWI
Malawi,454,AFR,2012,226,226,226,43,4,2,2,2,1,1,19,0,0,0,1,1,1,1,,MW,MWI
Malawi,454,AFR,2013,241,241,241,73,5,4,4,4,2,2,33,33,0,0,1,1,1,0,0,MW,MWI
Malawi,454,AFR,2014,276,213,213,78,2,2,1,1,0,,42,35,0,0,1,1,1,1,,MW,MWI
Malaysia,458,WPR,2009,703,688,516,,32,4,0,0,0,0,,,1,0,,,1,,,MY,MYS
Malaysia,458,WPR,2010,718,579,528,,32,3,2,2,0,0,,,1,0,,,1,,,MY,MYS
Malaysia,458,WPR,2011,731,731,688,1,36,7,0,0,2,0,0,0,1,0,,,1,,,MY,MYS
Malaysia,458,WPR,2012,757,679,624,34,36,1,0,0,2,0,0,0,1,0,1,1,1,1,,MY,MYS
Malaysia,458,WPR,2013,758,758,735,36,35,2,2,2,3,0,2,0,1,0,1,1,1,1,1,MY,MYS
Malaysia,458,WPR,2014,782,782,687,70,39,1,1,1,1,1,2,0,1,1,1,1,1,1,1,MY,MYS
Maldives,462,SEA,2009,70,0,0,,1,0,0,0,0,0,,,0,1,,,1,,,MV,MDV
Maldives,462,SEA,2010,70,1,1,,1,0,0,0,0,0,,,0,1,,,0,,,MV,MDV
Maldives,462,SEA,2011,70,0,0,0,1,0,0,0,0,0,0,0,0,1,,,0,,,MV,MDV
Maldives,462,SEA,2012,70,0,0,0,1,0,0,0,0,0,0,0,0,1,0,0,1,1,,MV,MDV
Maldives,462,SEA,2013,70,0,0,0,1,0,0,0,0,0,0,0,0,1,,,1,1,0,MV,MDV
Maldives,462,SEA,2014,70,0,0,0,1,0,0,0,0,0,0,0,0,1,0,1,1,1,1,MV,MDV
Mali,466,AFR,2009,84,84,77,,2,2,1,1,0,0,,,,1,,,1,,,ML,MLI
Mali,466,AFR,2010,76,0,0,,3,3,1,1,0,0,,,0,0,,,1,,,ML,MLI
Mali,466,AFR,2011,69,0,0,0,2,2,0,0,1,0,0,0,0,0,,,1,,,ML,MLI
Mali,466,AFR,2012,58,1,1,0,3,1,1,1,1,1,0,0,0,0,1,1,1,1,,ML,MLI
Mali,466,AFR,2013,64,0,0,0,3,3,2,2,1,1,0,0,0,0,1,0,1,1,0,ML,MLI
Mali,466,AFR,2014,76,35,26,51,3,3,2,2,2,2,1,,0,0,1,,1,1,0,ML,MLI
Malta,470,EUR,2009,,,,,,,,,,,,,0,1,,,0,,,MT,MLT
Malta,470,EUR,2010,1,1,1,,1,0,0,,0,0,,,0,1,,,0,,,MT,MLT
Malta,470,EUR,2011,1,1,1,,1,0,0,,0,0,,,0,1,,,0,,,MT,MLT
Malta,470,EUR,2012,1,1,1,0,1,0,0,0,0,0,0,0,0,1,,,0,,,MT,MLT
Malta,470,EUR,2013,1,1,1,0,1,0,0,0,0,0,0,0,0,1,0,1,0,,,MT,MLT
Malta,470,EUR,2014,1,1,1,0,1,0,0,0,0,0,1,,0,1,0,1,0,,,MT,MLT
Marshall Islands,584,WPR,2009,3,3,1,,1,1,1,1,0,0,,,0,1,,,0,,,MH,MHL
Marshall Islands,584,WPR,2010,3,3,1,,1,1,1,1,0,0,,,0,1,,,0,,,MH,MHL
Marshall Islands,584,WPR,2011,3,3,3,1,1,1,,,1,,0,,0,1,,,0,,,MH,MHL
Marshall Islands,584,WPR,2012,3,3,3,1,1,1,1,1,1,1,1,1,0,1,0,1,0,,,MH,MHL
Marshall Islands,584,WPR,2013,2,2,2,1,0,0,0,0,0,0,0,0,0,1,1,0,1,1,1,MH,MHL
Marshall Islands,584,WPR,2014,2,2,2,0,0,0,0,0,0,0,2,2,0,1,0,0,0,,,MH,MHL
Mauritania,478,AFR,2009,73,64,62,,1,1,1,1,,,,,0,,,,1,,,MR,MRT
Mauritania,478,AFR,2010,60,0,,,1,,,,,,,,0,0,,,1,,,MR,MRT
Mauritania,478,AFR,2011,62,45,35,62,1,1,1,,,,,,0,0,,,1,,,MR,MRT
Mauritania,478,AFR,2012,53,10,9,,1,1,1,,,,,,0,0,0,0,1,1,,MR,MRT
Mauritania,478,AFR,2013,,,,,,,,,,,,,,,,,,,,MR,MRT
Mauritania,478,AFR,2014,58,1,0,0,1,1,0,0,0,0,0,0,0,0,0,1,1,1,1,MR,MRT
Mauritius,480,AFR,2009,,,,,,,,,,,,,0,0,,,1,,,MU,MUS
Mauritius,480,AFR,2010,,,,,,,,,,,,,0,1,,,1,,,MU,MUS
Mauritius,480,AFR,2011,,,,,,,,,,,,,0,1,,,1,,,MU,MUS
Mauritius,480,AFR,2012,,,,,,,,,,,,,0,1,,,1,1,,MU,MUS
Mauritius,480,AFR,2013,,,,,,,,,,,,,0,1,,,1,1,0,MU,MUS
Mauritius,480,AFR,2014,,,,,,,,,,,,,0,0,,,1,0,0,MU,MUS
Mexico,484,AMR,2009,1220,658,0,,62,13,1,1,1,0,,,1,1,,,1,,,MX,MEX
Mexico,484,AMR,2010,1232,670,623,,64,16,5,5,0,0,,,1,1,,,1,,,MX,MEX
Mexico,484,AMR,2011,718,591,515,0,64,16,8,8,2,0,2,0,1,1,,,1,,,MX,MEX
Mexico,484,AMR,2012,1231,633,569,0,65,15,12,9,1,0,6,0,1,1,0,1,1,1,,MX,MEX
Mexico,484,AMR,2013,1284,739,703,16,65,16,14,14,1,0,11,0,1,0,0,1,1,1,1,MX,MEX
Mexico,484,AMR,2014,1299,693,640,13,65,15,13,13,3,1,39,0,1,0,0,1,1,1,1,MX,MEX
Micronesia (Federated States of),583,WPR,2009,4,4,3,,0,0,0,0,0,0,,,0,1,,,1,,,FM,FSM
Micronesia (Federated States of),583,WPR,2010,4,4,,,0,0,0,0,0,0,,,0,,,,1,,,FM,FSM
Micronesia (Federated States of),583,WPR,2011,4,4,4,4,0,0,0,0,0,0,0,0,0,1,,,1,,,FM,FSM
Micronesia (Federated States of),583,WPR,2012,4,4,4,0,0,0,0,0,0,0,0,0,1,1,1,0,1,1,,FM,FSM
Micronesia (Federated States of),583,WPR,2013,,,,,,,,,,,,,,,,,,,,FM,FSM
Micronesia (Federated States of),583,WPR,2014,4,4,4,0,0,0,0,0,0,0,4,0,0,1,0,0,1,1,1,FM,FSM
Monaco,492,EUR,2009,,,,,,,,,,,,,,,,,,,,MC,MCO
Monaco,492,EUR,2010,3,,,,3,,,,,,,,,1,,,0,,,MC,MCO
Monaco,492,EUR,2011,,,,,,,,,,,,,,,,,,,,MC,MCO
Monaco,492,EUR,2012,,,,,,,,,,,,,,,,,,,,MC,MCO
Monaco,492,EUR,2013,,,,,,,,,,,,,,,,,,,,MC,MCO
Monaco,492,EUR,2014,,,,,,,,,,,,,0,1,1,,0,,,MC,MCO
Mongolia,496,WPR,2009,36,36,26,,1,1,1,1,1,1,,,1,1,,,1,,,MN,MNG
Mongolia,496,WPR,2010,37,37,26,,1,1,1,1,1,1,,,1,0,,,1,,,MN,MNG
Mongolia,496,WPR,2011,37,37,24,3,2,1,1,1,1,1,0,0,1,0,,,1,,,MN,MNG
Mongolia,496,WPR,2012,38,38,38,3,2,1,1,1,1,1,0,0,1,0,1,1,1,1,,MN,MNG
Mongolia,496,WPR,2013,38,38,28,2,2,1,0,0,1,0,1,0,1,,0,1,1,1,0,MN,MNG
Mongolia,496,WPR,2014,38,38,29,2,2,1,0,0,1,0,3,0,1,1,0,1,1,1,1,MN,MNG
Montenegro,499,EUR,2009,1,1,1,,1,1,1,,0,0,,,0,1,,,0,,,ME,MNE
Montenegro,499,EUR,2010,1,1,1,,1,1,1,1,0,0,,,,1,,,0,,,ME,MNE
Montenegro,499,EUR,2011,1,1,1,0,1,1,1,1,0,0,0,0,0,1,,,0,,,ME,MNE
Montenegro,499,EUR,2012,1,0,0,0,1,1,0,0,0,0,0,0,0,1,0,0,1,1,,ME,MNE
Montenegro,499,EUR,2013,1,0,0,0,1,1,0,0,0,0,0,0,0,1,0,0,1,1,0,ME,MNE
Montenegro,499,EUR,2014,1,0,0,0,1,1,1,0,0,0,0,0,0,1,0,0,1,1,0,ME,MNE
Montserrat,500,AMR,2009,,,,,,,,,,,,,,,,,,,,MS,MSR
Montserrat,500,AMR,2010,,,,,,,,,,,,,0,1,,,0,,,MS,MSR
Montserrat,500,AMR,2011,,,,,,,,,,,,,0,1,,,0,,,MS,MSR
Montserrat,500,AMR,2012,,,,,,,,,,,,,0,1,,,0,,,MS,MSR
Montserrat,500,AMR,2013,,,,,,,,,,,,,0,1,,,0,,,MS,MSR
Montserrat,500,AMR,2014,,,,,,,,,,,,,0,1,,,0,,,MS,MSR
Morocco,504,EMR,2009,149,112,0,,14,2,1,0,0,0,,,0,0,,,1,,,MA,MAR
Morocco,504,EMR,2010,168,,,,16,2,,,0,,,,0,,,,1,,,MA,MAR
Morocco,504,EMR,2011,167,67,13,0,14,2,2,2,0,0,0,0,0,,,,1,,,MA,MAR
Morocco,504,EMR,2012,159,63,57,20,14,2,2,2,0,0,0,0,0,0,1,1,1,1,,MA,MAR
Morocco,504,EMR,2013,149,107,88,40,18,2,2,2,2,2,0,0,1,1,1,1,1,1,0,MA,MAR
Morocco,504,EMR,2014,147,31,1,60,14,2,2,2,15,,14,,0,,1,1,1,1,0,MA,MAR
Mozambique,508,AFR,2009,433,,,,1,1,1,1,0,0,,,0,1,,,1,,,MZ,MOZ
Mozambique,508,AFR,2010,433,,,,2,2,1,1,0,0,,,,1,,,1,,,MZ,MOZ
Mozambique,508,AFR,2011,430,14,11,2,2,2,1,1,0,0,1,0,1,1,,,1,,,MZ,MOZ
Mozambique,508,AFR,2012,300,16,9,27,3,2,1,1,0,0,12,0,0,1,,1,1,1,,MZ,MOZ
Mozambique,508,AFR,2013,325,22,11,62,3,2,2,2,1,1,14,0,0,1,0,0,1,1,1,MZ,MOZ
Mozambique,508,AFR,2014,336,89,60,71,3,2,2,2,1,1,24,0,1,,0,0,0,,,MZ,MOZ
Myanmar,104,SEA,2009,405,345,345,,2,2,1,1,,,,,0,0,,,1,,,MM,MMR
Myanmar,104,SEA,2010,415,375,304,,2,2,2,2,2,,,,0,1,,,1,,,MM,MMR
Myanmar,104,SEA,2011,415,377,318,2,2,2,2,2,2,,2,,0,1,,,1,,,MM,MMR
Myanmar,104,SEA,2012,458,440,433,65,2,2,2,2,2,2,3,3,1,1,1,1,1,1,,MM,MMR
Myanmar,104,SEA,2013,486,472,458,65,3,2,2,2,2,2,24,24,0,1,1,1,1,1,1,MM,MMR
Myanmar,104,SEA,2014,492,406,383,152,3,2,2,2,2,0,38,,0,1,1,1,1,1,1,MM,MMR
Namibia,516,AFR,2009,31,31,30,,1,1,1,1,0,0,,,0,1,,,1,,,NA,NAM
Namibia,516,AFR,2010,31,31,31,,1,1,1,1,0,0,,,0,1,,,1,,,NA,NAM
Namibia,516,AFR,2011,31,31,31,31,1,1,1,1,0,0,0,0,0,1,,,1,,,NA,NAM
Namibia,516,AFR,2012,31,31,31,31,1,1,0,0,1,0,1,0,0,1,0,0,1,1,,NA,NAM
Namibia,516,AFR,2013,31,31,31,31,1,1,1,1,0,0,4,4,0,1,0,0,1,1,1,NA,NAM
Namibia,516,AFR,2014,30,30,,30,1,111,1,1,,,22,22,1,1,0,0,1,1,,NA,NAM
Nauru,520,WPR,2009,,,,,,,,,,,,,0,1,,,1,,,NR,NRU
Nauru,520,WPR,2010,,,,,,,,,,,,,0,1,,,1,,,NR,NRU
Nauru,520,WPR,2011,,,,,,,,,,,,,0,1,,,1,,,NR,NRU
Nauru,520,WPR,2012,,,,,,,,,,,,,,,,,,,,NR,NRU
Nauru,520,WPR,2013,,,,,,,,,,,,,,,,,,,,NR,NRU
Nauru,520,WPR,2014,,,,,,,,,,,,,0,1,,,1,1,1,NR,NRU
Nepal,524,SEA,2009,471,408,395,,2,2,2,1,1,0,,,1,0,,,1,,,NP,NPL
Nepal,524,SEA,2010,489,370,,,3,2,2,,0,0,,,1,0,,,1,,,NP,NPL
Nepal,524,SEA,2011,505,0,0,505,3,2,0,0,0,0,0,0,1,,,,0,,,NP,NPL
Nepal,524,SEA,2012,533,325,293,8,2,2,2,2,,,9,,1,0,1,1,1,1,,NP,NPL
Nepal,524,SEA,2013,553,461,384,8,2,2,2,2,1,1,22,0,1,1,1,1,1,1,1,NP,NPL
Nepal,524,SEA,2014,528,396,24,7,2,2,2,2,1,1,22,22,1,1,1,1,1,1,1,NP,NPL
Netherlands Antilles,530,AMR,2009,,,,,,,,,,,,,,,,,,,,AN,ANT
Netherlands,528,EUR,2009,,,,,,,,,,,,,1,0,,,1,,,NL,NLD
Netherlands,528,EUR,2010,42,42,42,,37,1,1,1,1,1,,,1,0,,,1,,,NL,NLD
Netherlands,528,EUR,2011,42,42,,,37,4,,,1,,2,,1,0,,,1,,,NL,NLD
Netherlands,528,EUR,2012,42,42,,,37,5,,,4,,2,,1,0,1,0,1,1,,NL,NLD
Netherlands,528,EUR,2013,37,37,,,33,6,,,,,,,1,0,1,0,1,1,,NL,NLD
Netherlands,528,EUR,2014,44,,,,32,8,1,1,19,,9,,1,0,1,0,1,1,1,NL,NLD
New Caledonia,540,WPR,2009,,,,,,,,,,,,,1,,,,1,,,NC,NCL
New Caledonia,540,WPR,2010,2,1,1,,2,2,1,1,2,1,,,0,0,,,1,,,NC,NCL
New Caledonia,540,WPR,2011,,,,,,,,,,,,,0,1,,,1,,,NC,NCL
New Caledonia,540,WPR,2012,,,,,,,,,,,,,0,1,,,1,,,NC,NCL
New Caledonia,540,WPR,2013,,,,,,,,,,,,,,,,,,,,NC,NCL
New Caledonia,540,WPR,2014,,,,,,,,,,,,,1,,,,1,1,1,NC,NCL
New Zealand,554,WPR,2009,,,,,,,,,,,,,1,0,,,1,,,NZ,NZL
New Zealand,554,WPR,2010,,,,,,,,,,,,,1,0,,,1,,,NZ,NZL
New Zealand,554,WPR,2011,,,,,,,,,,,,,1,0,,,1,,,NZ,NZL
New Zealand,554,WPR,2012,,,,,,,,,,,,,1,0,,,1,1,,NZ,NZL
New Zealand,554,WPR,2013,,,,,,,,,,,,,1,0,,,1,1,1,NZ,NZL
New Zealand,554,WPR,2014,,,,,,,,,,,,,1,0,,,1,1,1,NZ,NZL
Nicaragua,558,AMR,2009,187,171,143,,2,1,1,1,0,0,,,0,1,,,1,,,NI,NIC
Nicaragua,558,AMR,2010,186,162,159,,3,1,1,1,,,,,0,1,,,1,,,NI,NIC
Nicaragua,558,AMR,2011,193,168,165,0,3,1,1,1,0,0,0,0,0,1,,,1,,,NI,NIC
Nicaragua,558,AMR,2012,192,173,169,192,2,1,1,1,,,0,0,0,1,1,1,1,1,,NI,NIC
Nicaragua,558,AMR,2013,191,160,158,0,3,1,1,1,0,0,0,0,1,,1,1,1,1,1,NI,NIC
Nicaragua,558,AMR,2014,221,206,198,0,3,1,1,1,0,0,0,0,0,1,1,1,1,1,0,NI,NIC
Niger,562,AFR,2009,50,,35,,0,0,,,0,,,,0,1,,,0,,,NE,NER
Niger,562,AFR,2010,177,54,23,,1,1,1,1,0,0,,,0,1,,,1,,,NE,NER
Niger,562,AFR,2011,179,57,54,1,1,1,1,1,0,0,0,0,1,1,,,1,,,NE,NER
Niger,562,AFR,2012,186,165,,2,1,1,1,1,0,0,0,0,0,1,1,,1,1,,NE,NER
Niger,562,AFR,2013,195,88,72,5,1,1,1,,0,0,1,1,0,1,0,0,1,1,1,NE,NER
Niger,562,AFR,2014,199,196,,24,88,46,1,1,,,87,,0,1,0,0,1,1,1,NE,NER
Nigeria,566,AFR,2009,1025,870,843,,4,3,2,2,2,1,,,0,1,,,1,,,NG,NGA
Nigeria,566,AFR,2010,1025,937,902,,5,4,3,3,3,3,,,0,1,,,1,,,NG,NGA
Nigeria,566,AFR,2011,1229,956,927,23,5,4,4,4,3,3,8,0,0,1,,,1,,,NG,NGA
Nigeria,566,AFR,2012,1314,1031,990,30,5,3,3,3,4,0,32,0,0,1,1,1,1,1,,NG,NGA
Nigeria,566,AFR,2013,1515,1261,1257,207,5,3,3,3,4,4,49,22,0,1,1,1,1,1,1,NG,NGA
Nigeria,566,AFR,2014,1765,1390,1075,269,8,8,0,0,6,,96,87,1,0,1,1,1,1,1,NG,NGA
Niue,570,WPR,2009,,,,,,,,,,,,,0,0,,,1,,,NU,NIU
Niue,570,WPR,2010,,,,,,,,,,,,,0,1,,,0,,,NU,NIU
Niue,570,WPR,2011,,,,,,,,,,,,,0,1,,,1,,,NU,NIU
Niue,570,WPR,2012,,,,,,,,,,,,,,,,,,,,NU,NIU
Niue,570,WPR,2013,,,,,,,,,,,,,0,1,,,1,1,1,NU,NIU
Niue,570,WPR,2014,,,,,,,,,,,,,0,1,,,1,0,1,NU,NIU
Northern Mariana Islands,580,WPR,2009,1,1,0,,1,1,1,0,0,0,,,0,1,,,0,,,MP,MNP
Northern Mariana Islands,580,WPR,2010,1,1,0,,1,1,1,0,0,0,,,0,1,,,0,,,MP,MNP
Northern Mariana Islands,580,WPR,2011,,,,,,,,,,,,,0,1,,,0,,,MP,MNP
Northern Mariana Islands,580,WPR,2012,,,,,,,,,,,,,0,1,,,0,,,MP,MNP
Northern Mariana Islands,580,WPR,2013,,,,,,,,,,,,,0,1,,,0,,,MP,MNP
Northern Mariana Islands,580,WPR,2014,,,,,,,,,,,,,0,1,,,0,,,MP,MNP
Norway,578,EUR,2009,,,,,,,,,,,,,1,0,,,1,,,NO,NOR
Norway,578,EUR,2010,18,18,18,,10,3,3,3,4,4,,,1,1,,,1,,,NO,NOR
Norway,578,EUR,2011,18,18,18,0,10,3,3,3,4,4,0,0,1,1,,,1,,,NO,NOR
Norway,578,EUR,2012,16,16,16,0,9,3,3,3,4,4,3,3,1,1,0,0,1,1,,NO,NOR
Norway,578,EUR,2013,16,16,16,0,9,3,3,3,4,4,3,3,1,1,0,0,1,1,1,NO,NOR
Norway,578,EUR,2014,16,16,16,0,9,3,3,3,4,4,3,3,1,1,0,1,1,1,1,NO,NOR
Oman,512,EMR,2009,191,0,0,,10,1,1,1,1,1,,,1,0,,,1,,,OM,OMN
Oman,512,EMR,2010,249,68,67,,10,1,0,0,0,0,,,1,0,,,1,,,OM,OMN
Oman,512,EMR,2011,209,36,32,0,9,1,0,0,1,0,0,0,1,0,,,1,,,OM,OMN
Oman,512,EMR,2012,249,37,35,0,9,1,0,0,1,0,0,0,1,0,1,0,1,1,,OM,OMN
Oman,512,EMR,2013,,,,,,,,,,,,,1,0,,,1,1,0,OM,OMN
Oman,512,EMR,2014,,,,,,,,,,,,,1,0,,,1,1,0,OM,OMN
Pakistan,586,EMR,2009,1159,1005,640,,13,11,8,,0,0,,,1,0,,,1,,,PK,PAK
Pakistan,586,EMR,2010,1170,1067,738,,14,11,7,5,0,0,,,1,0,,,1,,,PK,PAK
Pakistan,586,EMR,2011,1187,1107,784,2,12,10,10,7,2,0,16,0,1,0,,,1,,,PK,PAK
Pakistan,586,EMR,2012,1388,1177,838,4,7,4,4,4,2,0,15,11,1,,1,0,1,1,,PK,PAK
Pakistan,586,EMR,2013,1396,1345,990,32,11,8,8,8,4,0,32,,1,0,1,1,1,1,0,PK,PAK
Pakistan,586,EMR,2014,1483,1432,1113,43,12,5,5,5,4,,42,,1,0,1,1,1,1,0,PK,PAK
Palau,585,WPR,2009,1,,,,1,1,,,,,,,0,1,,,,,,PW,PLW
Palau,585,WPR,2010,1,1,0,,1,1,1,1,1,1,,,0,1,,,1,,,PW,PLW
Palau,585,WPR,2011,1,1,1,1,1,1,1,1,1,1,1,1,0,1,,,1,,,PW,PLW
Palau,585,WPR,2012,2,2,2,0,1,1,1,1,1,1,1,1,0,1,0,0,1,1,,PW,PLW
Palau,585,WPR,2013,2,2,2,0,1,1,1,1,1,1,2,2,0,1,1,0,1,1,1,PW,PLW
Palau,585,WPR,2014,,,,,,,,,,,,,0,0,,,1,1,1,PW,PLW
Panama,591,AMR,2009,60,59,58,,8,1,1,1,0,,,,0,0,,,1,,,PA,PAN
Panama,591,AMR,2010,60,60,60,,8,1,1,1,0,0,,,0,0,,,1,,,PA,PAN
Panama,591,AMR,2011,54,54,53,0,6,1,1,0,1,0,0,0,0,0,,,1,,,PA,PAN
Panama,591,AMR,2012,55,55,51,0,11,1,1,0,1,0,3,0,0,0,1,1,1,1,,PA,PAN
Panama,591,AMR,2013,58,49,49,0,12,1,1,1,2,0,6,0,1,1,1,1,1,1,1,PA,PAN
Panama,591,AMR,2014,64,64,60,0,10,1,1,1,1,1,7,0,0,0,1,1,1,1,1,PA,PAN
Papua New Guinea,598,WPR,2009,118,65,,,1,0,0,,,,,,0,1,,,1,,,PG,PNG
Papua New Guinea,598,WPR,2010,,,,,,,,,,,,,,,,,,,,PG,PNG
Papua New Guinea,598,WPR,2011,130,73,,0,0,0,0,,0,0,1,0,0,1,,,1,,,PG,PNG
Papua New Guinea,598,WPR,2012,112,0,,0,0,0,,,0,,6,,,1,0,,1,1,,PG,PNG
Papua New Guinea,598,WPR,2013,116,69,66,0,0,0,0,0,0,0,12,,0,1,1,,1,1,0,PG,PNG
Papua New Guinea,598,WPR,2014,113,,,0,0,0,0,0,0,0,20,0,0,1,1,1,1,1,0,PG,PNG
Paraguay,600,AMR,2009,103,79,76,,5,1,1,1,0,0,,,1,0,,,1,,,PY,PRY
Paraguay,600,AMR,2010,105,89,86,,5,1,1,1,0,0,,,1,1,,,1,,,PY,PRY
Paraguay,600,AMR,2011,115,95,90,0,9,1,1,0,0,0,0,0,1,0,,,1,,,PY,PRY
Paraguay,600,AMR,2012,121,115,109,28,11,1,1,1,0,0,0,0,1,0,1,1,1,1,,PY,PRY
Paraguay,600,AMR,2013,133,101,93,0,13,1,1,1,0,0,2,0,1,0,1,1,1,1,0,PY,PRY
Paraguay,600,AMR,2014,133,114,109,0,13,1,0,0,0,0,2,1,0,0,1,1,1,1,0,PY,PRY
Peru,604,AMR,2009,,,,,,,,,,,,,1,,,,1,,,PE,PER
Peru,604,AMR,2010,1438,1000,1000,,66,6,6,6,1,1,,,1,,,,1,,,PE,PER
Peru,604,AMR,2011,1527,,,0,66,7,,,1,,0,,1,0,,,1,,,PE,PER
Peru,604,AMR,2012,1438,1035,994,0,66,11,7,0,1,1,0,0,1,0,0,1,1,1,,PE,PER
Peru,604,AMR,2013,1600,1035,994,0,60,8,7,7,1,1,,,1,0,1,1,1,1,0,PE,PER
Peru,604,AMR,2014,1476,1239,1239,0,50,7,7,7,3,3,0,0,1,0,1,1,1,1,1,PE,PER
Philippines,608,WPR,2009,2000,1855,1733,,9,3,3,3,1,0,,,1,0,,,1,,,PH,PHL
Philippines,608,WPR,2010,1986,1815,1719,,8,2,2,2,0,0,,,1,0,,,1,,,PH,PHL
Philippines,608,WPR,2011,1986,1806,1708,0,10,2,2,2,1,0,14,0,1,0,,,1,,,PH,PHL
Philippines,608,WPR,2012,2565,1790,1687,2,13,3,3,3,1,0,17,0,1,0,1,1,1,1,,PH,PHL
Philippines,608,WPR,2013,2561,1799,1713,0,18,3,3,2,0,0,16,0,1,,1,1,1,1,0,PH,PHL
Philippines,608,WPR,2014,2561,2174,1820,24,22,4,4,3,1,1,84,,1,0,1,1,1,1,1,PH,PHL
Poland,616,EUR,2009,85,85,,,85,47,47,,,,,,1,0,,,1,,,PL,POL
Poland,616,EUR,2010,85,85,,,85,47,47,,,,,,1,0,,,1,,,PL,POL
Poland,616,EUR,2011,85,85,85,0,85,47,47,47,11,11,3,3,1,0,,,1,,,PL,POL
Poland,616,EUR,2012,81,1,1,0,81,46,1,1,11,11,3,,1,,,,1,0,,PL,POL
Poland,616,EUR,2013,76,0,0,0,76,46,40,40,2,0,9,0,1,,,,1,0,,PL,POL
Poland,616,EUR,2014,75,,,,75,46,45,45,3,,7,,1,,0,0,1,0,1,PL,POL
Portugal,620,EUR,2009,,,,,,,,,,,,,1,0,,,1,,,PT,PRT
Portugal,620,EUR,2010,88,37,34,,88,22,12,12,18,10,,,1,0,,,1,,,PT,PRT
Portugal,620,EUR,2011,,,,,,,,,,,,,,,,,,,,PT,PRT
Portugal,620,EUR,2012,48,30,27,,47,22,10,7,,6,,,1,,1,1,1,1,,PT,PRT
Portugal,620,EUR,2013,54,30,30,,52,29,7,6,17,4,1,1,1,,1,1,1,1,0,PT,PRT
Portugal,620,EUR,2014,54,28,26,,52,29,9,8,17,4,1,1,1,,0,0,1,1,1,PT,PRT
Puerto Rico,630,AMR,2009,,,,,,,,,,,,,0,1,,,1,,,PR,PRI
Puerto Rico,630,AMR,2010,,,,,,,,,,,,,0,1,,,1,,,PR,PRI
Puerto Rico,630,AMR,2011,,,,,,,,,,,,,0,1,,,1,,,PR,PRI
Puerto Rico,630,AMR,2012,,,,,,,,,,,,,0,1,,,1,1,,PR,PRI
Puerto Rico,630,AMR,2013,,,,,,,,,,,,,0,1,,,1,1,1,PR,PRI
Puerto Rico,630,AMR,2014,,,,,,,,,,,,,0,1,,,1,1,1,PR,PRI
Qatar,634,EMR,2009,1,1,1,,1,1,1,1,1,1,,,1,1,,,1,,,QA,QAT
Qatar,634,EMR,2010,1,1,1,,1,1,1,1,1,1,,,1,1,,,1,,,QA,QAT
Qatar,634,EMR,2011,1,1,1,0,1,1,1,1,1,1,1,1,1,1,,,1,,,QA,QAT
Qatar,634,EMR,2012,1,1,1,0,1,1,1,1,1,1,1,1,1,,0,0,1,1,,QA,QAT
Qatar,634,EMR,2013,,,,,,,,,,,,,,,,,,,,QA,QAT
Qatar,634,EMR,2014,,,,,,,,,,,,,0,1,,,1,1,1,QA,QAT
Republic of Korea,410,WPR,2009,500,1,1,,500,7,1,1,20,1,,,1,0,,,1,,,KR,KOR
Republic of Korea,410,WPR,2010,500,1,1,,500,7,1,1,20,1,,,1,,,,1,,,KR,KOR
Republic of Korea,410,WPR,2011,500,1,1,0,500,7,1,1,20,1,2,1,1,,,,1,,,KR,KOR
Republic of Korea,410,WPR,2012,500,1,1,,500,7,1,1,20,1,2,1,1,,1,0,1,1,,KR,KOR
Republic of Korea,410,WPR,2013,600,580,577,8,100,12,10,10,21,21,45,0,1,0,1,0,1,1,1,KR,KOR
Republic of Korea,410,WPR,2014,576,564,558,89,98,11,11,11,20,20,60,,1,0,0,0,1,1,1,KR,KOR
Republic of Moldova,498,EUR,2009,59,50,44,,4,4,4,4,1,0,,,1,0,,,1,,,MD,MDA
Republic of Moldova,498,EUR,2010,59,50,47,,4,4,4,4,1,0,,,1,1,,,1,,,MD,MDA
Republic of Moldova,498,EUR,2011,59,30,28,,4,4,4,4,3,3,,,1,,,,1,,,MD,MDA
Republic of Moldova,498,EUR,2012,59,30,28,0,4,4,4,4,3,3,24,24,1,,0,0,1,0,,MD,MDA
Republic of Moldova,498,EUR,2013,57,30,30,0,4,4,4,4,4,4,28,28,1,0,0,1,1,1,1,MD,MDA
Republic of Moldova,498,EUR,2014,59,25,25,0,4,4,4,4,4,4,28,0,1,,,1,1,1,1,MD,MDA
Romania,642,EUR,2009,124,67,67,,99,43,43,40,2,0,,,1,0,,,1,,,RO,ROU
Romania,642,EUR,2010,122,87,87,,97,44,44,35,0,0,,,1,0,,,1,,,RO,ROU
Romania,642,EUR,2011,113,90,90,1,70,43,43,43,0,0,0,0,1,0,,,1,,,RO,ROU
Romania,642,EUR,2012,107,83,83,1,91,43,42,39,4,1,0,0,1,1,0,0,1,1,,RO,ROU
Romania,642,EUR,2013,103,82,82,1,89,43,2,2,5,1,0,0,1,0,0,0,1,1,1,RO,ROU
Romania,642,EUR,2014,105,90,90,1,91,44,3,3,6,5,3,0,1,0,0,0,1,1,1,RO,ROU
Russian Federation,643,EUR,2009,3999,1500,,,397,272,150,,,,,,1,0,,,0,,,RU,RUS
Russian Federation,643,EUR,2010,,1455,,,,,134,51,,,,,1,0,,,0,,,RU,RUS
Russian Federation,643,EUR,2011,3746,1237,828,,117,,111,,,,,,1,0,,,0,,,RU,RUS
Russian Federation,643,EUR,2012,1031,1016,825,,117,110,110,83,,,,,1,0,1,1,0,,,RU,RUS
Russian Federation,643,EUR,2013,5296,1283,819,272,330,218,126,59,6,0,72,0,1,,1,0,0,,,RU,RUS
Russian Federation,643,EUR,2014,5347,1171,858,341,405,299,99,78,6,0,96,13,1,0,1,1,1,1,1,RU,RUS
Rwanda,646,AFR,2009,191,184,175,,1,1,1,1,1,1,,,0,0,,,1,,,RW,RWA
Rwanda,646,AFR,2010,192,190,169,,2,1,1,1,1,1,,,0,0,,,1,,,RW,RWA
Rwanda,646,AFR,2011,194,194,175,9,2,1,1,1,1,1,,,1,,,,1,,,RW,RWA
Rwanda,646,AFR,2012,197,197,,25,2,2,2,2,2,2,6,0,1,,1,,1,1,,RW,RWA
Rwanda,646,AFR,2013,199,199,195,25,3,3,1,1,3,0,16,0,1,0,1,0,1,1,1,RW,RWA
Rwanda,646,AFR,2014,200,200,194,50,3,1,1,1,3,0,16,0,1,0,1,1,1,1,1,RW,RWA
Saint Kitts and Nevis,659,AMR,2009,,,,,,,,,,,,,0,0,,,0,,,KN,KNA
Saint Kitts and Nevis,659,AMR,2010,,,,,,,,,,,,,0,0,,,0,,,KN,KNA
Saint Kitts and Nevis,659,AMR,2011,,,,,,,,,,,,,0,0,,,0,,,KN,KNA
Saint Kitts and Nevis,659,AMR,2012,,,,,,,,,,,,,0,0,,,0,,,KN,KNA
Saint Kitts and Nevis,659,AMR,2013,,,,,,,,,,,,,0,1,,,0,,,KN,KNA
Saint Kitts and Nevis,659,AMR,2014,,,,,,,,,,,,,,1,,,0,,,KN,KNA
Saint Lucia,662,AMR,2009,,,,,,,,,,,,,1,1,,,1,,,LC,LCA
Saint Lucia,662,AMR,2010,,,,,,,,,,,,,0,1,,,1,,,LC,LCA
Saint Lucia,662,AMR,2011,,,,,,,,,,,,,1,1,,,1,,,LC,LCA
Saint Lucia,662,AMR,2012,,,,,,,,,,,,,0,1,,,1,1,,LC,LCA
Saint Lucia,662,AMR,2013,,,,,,,,,,,,,0,1,,,1,1,1,LC,LCA
Saint Lucia,662,AMR,2014,,,,,,,,,,,,,0,1,,,1,1,1,LC,LCA
Saint Vincent and the Grenadines,670,AMR,2009,,,,,,,,,,,,,0,1,,,0,,,VC,VCT
Saint Vincent and the Grenadines,670,AMR,2010,,,,,,,,,,,,,0,1,,,1,,,VC,VCT
Saint Vincent and the Grenadines,670,AMR,2011,,,,,,,,,,,,,0,1,,,1,,,VC,VCT
Saint Vincent and the Grenadines,670,AMR,2012,,,,,,,,,,,,,0,1,,,1,1,,VC,VCT
Saint Vincent and the Grenadines,670,AMR,2013,,,,,,,,,,,,,0,,,,0,,,VC,VCT
Saint Vincent and the Grenadines,670,AMR,2014,,,,,,,,,,,,,0,1,,,0,,,VC,VCT
Samoa,882,WPR,2009,2,1,1,,0,0,0,0,0,0,,,,1,,,1,,,WS,WSM
Samoa,882,WPR,2010,2,2,2,,0,,,,,,,,,,,,1,,,WS,WSM
Samoa,882,WPR,2011,,,,,,,,,,,,,0,1,,,1,,,WS,WSM
Samoa,882,WPR,2012,,,,,,,,,,,,,0,1,,,1,1,,WS,WSM
Samoa,882,WPR,2013,,,,,,,,,,,,,1,1,,,1,1,1,WS,WSM
Samoa,882,WPR,2014,,,,,,,,,,,,,0,1,,,1,1,1,WS,WSM
San Marino,674,EUR,2009,,,,,,,,,,,,,,,,,,,,SM,SMR
San Marino,674,EUR,2010,,,,,,,,,,,,,,,,,,,,SM,SMR
San Marino,674,EUR,2011,,,,,,,,,,,,,,,,,,,,SM,SMR
San Marino,674,EUR,2012,,,,,,,,,,,,,,,,,,,,SM,SMR
San Marino,674,EUR,2013,,,,,,,,,,,,,,,,,,,,SM,SMR
San Marino,674,EUR,2014,,,,,,,,,,,,,,,,,,,,SM,SMR
Sao Tome and Principe,678,AFR,2009,2,0,0,,0,0,0,0,0,0,,,0,0,,,1,,,ST,STP
Sao Tome and Principe,678,AFR,2010,2,0,0,,0,0,0,0,0,0,,,0,0,,,1,,,ST,STP
Sao Tome and Principe,678,AFR,2011,4,4,4,0,0,0,0,0,0,0,0,0,0,0,,,1,,,ST,STP
Sao Tome and Principe,678,AFR,2012,8,8,6,0,0,0,0,0,0,0,0,0,0,0,0,1,1,1,,ST,STP
Sao Tome and Principe,678,AFR,2013,8,8,8,0,0,0,0,0,0,0,0,0,0,0,0,0,1,1,0,ST,STP
Sao Tome and Principe,678,AFR,2014,8,8,8,0,0,0,0,0,0,0,0,0,0,0,0,0,1,1,0,ST,STP
Saudi Arabia,682,EMR,2009,320,,,,10,10,,,,,,,0,0,,,1,,,SA,SAU
Saudi Arabia,682,EMR,2010,320,,,,10,10,,,2,,,,0,0,,,1,,,SA,SAU
Saudi Arabia,682,EMR,2011,90,90,90,1,12,12,12,12,2,,1,,0,0,,,1,,,SA,SAU
Saudi Arabia,682,EMR,2012,90,90,90,1,12,12,0,0,2,0,8,0,0,0,0,0,1,0,,SA,SAU
Saudi Arabia,682,EMR,2013,,,,,,,,,,,,,0,1,,,1,0,,SA,SAU
Saudi Arabia,682,EMR,2014,,,,,,,,,,,,,0,0,,,1,0,0,SA,SAU
Senegal,686,AFR,2009,93,70,50,,3,3,0,0,0,0,,,1,0,,,1,,,SN,SEN
Senegal,686,AFR,2010,93,77,35,,3,3,1,1,0,0,,,1,0,,,1,,,SN,SEN
Senegal,686,AFR,2011,98,70,64,0,3,1,1,1,0,0,1,0,1,,,,1,,,SN,SEN
Senegal,686,AFR,2012,108,105,51,0,3,2,2,2,2,1,3,0,1,0,0,1,1,1,,SN,SEN
Senegal,686,AFR,2013,115,114,82,0,2,2,2,2,2,1,6,1,1,1,1,1,1,1,0,SN,SEN
Senegal,686,AFR,2014,119,112,107,1,2,2,1,1,1,0,7,0,1,1,1,1,1,1,0,SN,SEN
Serbia,688,EUR,2009,,,,,,,,,,,,,,,,,,,,RS,SRB
Serbia,688,EUR,2010,31,21,21,,29,5,4,4,1,0,,,0,1,,,1,,,RS,SRB
Serbia,688,EUR,2011,31,26,26,0,29,4,3,2,1,0,0,0,0,1,,,1,,,RS,SRB
Serbia,688,EUR,2012,31,27,26,0,29,4,4,3,1,0,0,0,0,1,1,0,1,1,,RS,SRB
Serbia,688,EUR,2013,31,30,30,0,29,4,4,4,1,0,0,0,0,1,1,0,1,1,0,RS,SRB
Serbia,688,EUR,2014,31,29,29,0,29,4,4,4,1,0,0,0,0,1,0,0,1,1,0,RS,SRB
Seychelles,690,AFR,2009,,,,,,,,,,,,,1,1,,,0,,,SC,SYC
Seychelles,690,AFR,2010,,,,,,,,,,,,,0,1,,,0,,,SC,SYC
Seychelles,690,AFR,2011,,,,,,,,,,,,,0,1,,,0,,,SC,SYC
Seychelles,690,AFR,2012,,,,,,,,,,,,,0,1,,,1,1,,SC,SYC
Seychelles,690,AFR,2013,,,,,,,,,,,,,0,1,,,1,1,1,SC,SYC
Seychelles,690,AFR,2014,,,,,,,,,,,,,0,1,,,1,1,1,SC,SYC
Sierra Leone,694,AFR,2009,116,112,86,,,,,,,,,,0,0,,,1,,,SL,SLE
Sierra Leone,694,AFR,2010,148,110,88,,0,0,0,0,0,0,,,0,0,,,1,,,SL,SLE
Sierra Leone,694,AFR,2011,154,94,88,0,0,0,0,0,0,0,0,0,0,0,,,1,,,SL,SLE
Sierra Leone,694,AFR,2012,161,102,85,0,0,0,,,0,,0,,0,0,1,1,1,1,,SL,SLE
Sierra Leone,694,AFR,2013,167,102,74,0,0,0,0,0,0,0,0,0,0,1,1,,1,1,0,SL,SLE
Sierra Leone,694,AFR,2014,170,,,0,0,0,,,0,,0,,0,0,1,0,1,1,0,SL,SLE
Singapore,702,WPR,2009,,,,,,,,,,,,,1,0,,,1,,,SG,SGP
Singapore,702,WPR,2010,,,,,,,,,,,,,1,0,,,1,,,SG,SGP
Singapore,702,WPR,2011,,,,,,,,,,,,,1,0,,,1,,,SG,SGP
Singapore,702,WPR,2012,,,,,,,,,,,,,1,0,,,1,0,,SG,SGP
Singapore,702,WPR,2013,,,,,,,,,,,,,1,0,,,1,0,,SG,SGP
Singapore,702,WPR,2014,,,,,,,,,,,,,1,0,,,1,0,,SG,SGP
Sint Maarten (Dutch part),534,AMR,2010,,,,,,,,,,,,,0,1,,,0,,,SX,SXM
Sint Maarten (Dutch part),534,AMR,2011,,,,,,,,,,,,,0,0,,,0,,,SX,SXM
Sint Maarten (Dutch part),534,AMR,2012,,,,,,,,,,,,,0,1,,,0,,,SX,SXM
Sint Maarten (Dutch part),534,AMR,2013,,,,,,,,,,,,,0,1,,,0,,,SX,SXM
Sint Maarten (Dutch part),534,AMR,2014,,,,,,,,,,,,,0,1,,,1,1,1,SX,SXM
Slovakia,703,EUR,2009,,,,,,,,,,,,,1,0,,,1,,,SK,SVK
Slovakia,703,EUR,2010,7,2,1,,7,2,2,1,2,2,,,1,1,,,1,,,SK,SVK
Slovakia,703,EUR,2011,5,4,4,4,5,2,2,2,0,0,0,0,1,0,,,1,,,SK,SVK
Slovakia,703,EUR,2012,7,5,5,1,7,2,2,2,2,2,2,2,1,1,1,1,1,1,,SK,SVK
Slovakia,703,EUR,2013,,,,,,,,,,,,,1,0,,,1,1,1,SK,SVK
Slovakia,703,EUR,2014,7,7,7,7,7,2,2,2,1,1,1,1,1,0,1,1,1,1,1,SK,SVK
Slovenia,705,EUR,2009,,,,,,,,,,,,,1,0,,,1,,,SI,SVN
Slovenia,705,EUR,2010,3,3,3,,3,1,1,1,1,1,,,1,1,,,1,,,SI,SVN
Slovenia,705,EUR,2011,3,3,3,0,3,1,1,1,1,1,1,1,1,1,,,1,,,SI,SVN
Slovenia,705,EUR,2012,3,3,3,2,3,1,1,1,1,1,1,1,1,1,0,0,1,1,,SI,SVN
Slovenia,705,EUR,2013,3,3,3,0,3,1,1,1,1,1,1,1,1,1,0,0,1,1,1,SI,SVN
Slovenia,705,EUR,2014,3,3,2,0,3,1,1,1,1,1,2,2,1,1,0,0,1,1,1,SI,SVN
Solomon Islands,90,WPR,2009,9,0,0,,0,0,0,0,0,0,,,0,1,,,0,,,SB,SLB
Solomon Islands,90,WPR,2010,9,0,0,,0,0,0,0,0,0,,,0,1,,,0,,,SB,SLB
Solomon Islands,90,WPR,2011,9,9,9,0,0,0,0,0,0,0,0,0,0,1,,,1,,,SB,SLB
Solomon Islands,90,WPR,2012,8,0,0,0,0,0,0,0,0,0,0,0,0,1,1,1,1,1,,SB,SLB
Solomon Islands,90,WPR,2013,8,0,0,3,0,0,0,0,0,0,0,0,0,1,1,1,1,1,0,SB,SLB
Solomon Islands,90,WPR,2014,8,0,0,3,0,0,0,0,0,0,1,0,0,1,1,1,1,1,1,SB,SLB
Somalia,706,EMR,2009,52,0,0,,0,0,0,0,0,0,,,0,0,,,0,,,SO,SOM
Somalia,706,EMR,2010,63,13,11,,0,0,0,0,0,0,,,0,1,,,0,,,SO,SOM
Somalia,706,EMR,2011,66,25,23,0,0,0,0,0,0,0,0,0,0,0,,,0,,,SO,SOM
Somalia,706,EMR,2012,65,25,25,0,0,0,0,0,0,0,3,3,0,0,1,1,0,,,SO,SOM
Somalia,706,EMR,2013,68,42,39,10,0,0,0,0,0,0,9,9,0,1,0,0,0,,,SO,SOM
Somalia,706,EMR,2014,68,42,41,11,0,0,0,0,0,0,9,9,0,1,1,1,0,,,SO,SOM
South Africa,710,AFR,2009,248,248,235,,16,16,16,14,8,0,,,1,1,,,1,,,ZA,ZAF
South Africa,710,AFR,2010,256,,,,15,15,,,14,,,,1,,,,1,,,ZA,ZAF
South Africa,710,AFR,2011,244,244,244,,15,15,15,15,10,,55,,1,,,,1,,,ZA,ZAF
South Africa,710,AFR,2012,187,181,175,181,15,15,15,14,15,15,100,0,1,0,1,1,1,1,,ZA,ZAF
South Africa,710,AFR,2013,207,160,149,207,15,15,15,15,15,15,207,173,1,0,0,1,1,1,1,ZA,ZAF
South Africa,710,AFR,2014,207,187,185,207,12,12,12,12,12,12,207,207,1,0,0,1,1,0,1,ZA,ZAF
South Sudan,728,AFR,2011,65,0,0,0,0,0,0,0,0,0,0,0,0,1,,,0,,,SS,SSD
South Sudan,728,AFR,2012,68,,,,,,,,,,,,0,1,1,1,0,,,SS,SSD
South Sudan,728,AFR,2013,82,26,12,0,0,0,0,0,0,0,0,0,0,0,1,1,0,,,SS,SSD
South Sudan,728,AFR,2014,89,23,17,0,0,0,0,0,0,0,1,0,0,1,1,1,0,,,SS,SSD
Spain,724,EUR,2009,,,,,,,,,,,,,1,0,,,1,,,ES,ESP
Spain,724,EUR,2010,,,,,,,,,,,,,1,,,,1,,,ES,ESP
Spain,724,EUR,2011,,,,,,,,,,,,,1,,,,1,,,ES,ESP
Spain,724,EUR,2012,,,,,,,,,,,,,1,,,,1,1,,ES,ESP
Spain,724,EUR,2013,,,,,,,,,,,,,1,,,,1,1,1,ES,ESP
Spain,724,EUR,2014,,,,,,,,,,,,,1,,,,1,1,1,ES,ESP
Sri Lanka,144,SEA,2009,167,167,147,,1,1,1,,0,0,,,0,1,,,1,,,LK,LKA
Sri Lanka,144,SEA,2010,178,178,161,,2,1,0,0,0,0,,,0,0,,,1,,,LK,LKA
Sri Lanka,144,SEA,2011,203,176,176,0,2,1,1,1,0,0,0,0,0,1,,,1,,,LK,LKA
Sri Lanka,144,SEA,2012,213,207,189,0,3,1,1,1,1,0,1,0,0,1,1,1,1,1,,LK,LKA
Sri Lanka,144,SEA,2013,214,190,180,0,3,1,1,1,1,0,1,0,0,1,1,1,1,1,0,LK,LKA
Sri Lanka,144,SEA,2014,206,197,173,1,3,1,1,1,1,0,1,0,0,1,1,1,1,0,0,LK,LKA
Sudan,729,EMR,2009,377,135,78,,1,1,1,1,0,0,,,0,0,,,1,,,SD,SDN
Sudan,729,EMR,2010,394,320,175,,,1,1,1,,,,,0,1,,,1,,,SD,SDN
Sudan,729,EMR,2011,227,159,114,1,1,1,1,1,0,0,0,0,1,,,,1,,,SD,SDN
Sudan,729,EMR,2012,316,175,114,1,1,1,0,0,0,0,0,0,0,0,1,1,1,1,,SD,SDN
Sudan,729,EMR,2013,331,202,115,1,1,1,1,1,1,1,0,0,0,0,1,1,1,1,0,SD,SDN
Sudan,729,EMR,2014,326,179,112,,1,1,1,1,1,1,1,,0,1,0,1,1,1,0,SD,SDN
Suriname,740,AMR,2009,,,,,,,,,,,,,0,1,,,1,,,SR,SUR
Suriname,740,AMR,2010,3,3,3,,1,0,0,0,0,0,,,0,1,,,1,,,SR,SUR
Suriname,740,AMR,2011,3,3,3,0,1,0,0,0,0,0,0,0,0,0,,,1,,,SR,SUR
Suriname,740,AMR,2012,3,3,2,0,1,0,0,0,0,0,2,,0,1,0,1,1,1,,SR,SUR
Suriname,740,AMR,2013,3,2,1,0,1,0,0,,0,0,2,0,0,0,0,1,1,1,,SR,SUR
Suriname,740,AMR,2014,3,2,2,0,1,0,,,0,,2,0,0,1,1,1,1,1,1,SR,SUR
Swaziland,748,AFR,2009,19,12,12,,1,1,1,1,0,0,,,0,1,,,1,,,SZ,SWZ
Swaziland,748,AFR,2010,16,12,10,,1,1,1,1,0,0,,,0,1,,,1,,,SZ,SWZ
Swaziland,748,AFR,2011,17,17,16,6,1,1,1,1,1,1,4,,,1,,,1,,,SZ,SWZ
Swaziland,748,AFR,2012,19,19,15,4,1,1,1,1,1,1,19,19,,1,1,1,1,1,,SZ,SWZ
Swaziland,748,AFR,2013,18,18,17,3,1,1,1,1,1,1,18,0,0,0,0,0,1,0,1,SZ,SWZ
Swaziland,748,AFR,2014,,,,,,,,,,,,,,,,,,,,SZ,SWZ
Sweden,752,EUR,2009,,,,,,,,,,,,,,,,,,,,SE,SWE
Sweden,752,EUR,2010,5,5,5,,5,5,5,5,5,5,,,1,0,,,1,,,SE,SWE
Sweden,752,EUR,2011,5,5,5,2,5,5,5,5,5,4,0,,1,0,,,1,,,SE,SWE
Sweden,752,EUR,2012,5,5,5,,5,5,5,5,5,5,0,0,1,0,0,1,1,1,,SE,SWE
Sweden,752,EUR,2013,5,5,5,,5,5,5,5,5,5,0,0,1,0,0,1,1,1,,SE,SWE
Sweden,752,EUR,2014,5,5,5,0,5,5,5,5,5,5,0,0,1,0,0,1,1,1,1,SE,SWE
Switzerland,756,EUR,2009,,,,,,,,,,,,,1,0,,,1,,,CH,CHE
Switzerland,756,EUR,2010,42,42,40,,24,10,10,9,,,,,1,0,,,1,,,CH,CHE
Switzerland,756,EUR,2011,42,42,40,,24,10,10,7,0,0,14,0,1,0,,,1,,,CH,CHE
Switzerland,756,EUR,2012,40,40,38,,23,10,10,9,,,14,,1,0,1,1,1,0,,CH,CHE
Switzerland,756,EUR,2013,40,40,38,,23,10,10,8,,,14,,1,0,1,1,1,0,1,CH,CHE
Switzerland,756,EUR,2014,37,37,36,,18,9,9,8,,,14,,1,1,1,1,1,0,1,CH,CHE
Syrian Arab Republic,760,EMR,2009,557,69,0,,1,1,1,0,1,1,,,1,0,,,1,,,SY,SYR
Syrian Arab Republic,760,EMR,2010,557,69,0,,4,1,1,0,1,1,,,1,0,,,1,,,SY,SYR
Syrian Arab Republic,760,EMR,2011,557,100,,,4,1,1,,1,1,,,0,0,,,1,,,SY,SYR
Syrian Arab Republic,760,EMR,2012,300,100,,,1,1,1,1,1,1,0,0,0,0,1,1,1,1,,SY,SYR
Syrian Arab Republic,760,EMR,2013,100,0,0,1,1,1,1,1,1,1,0,0,0,0,1,1,1,1,1,SY,SYR
Syrian Arab Republic,760,EMR,2014,37,12,12,0,1,1,0,0,0,0,1,0,0,0,0,0,1,1,0,SY,SYR
Tajikistan,762,EUR,2009,97,94,63,,1,1,1,1,0,0,,,0,1,,,1,,,TJ,TJK
Tajikistan,762,EUR,2010,93,93,43,,3,1,1,1,0,0,,,0,1,,,1,,,TJ,TJK
Tajikistan,762,EUR,2011,92,92,45,0,3,1,1,1,2,0,2,0,0,1,,,1,,,TJ,TJK
Tajikistan,762,EUR,2012,89,89,66,4,3,1,1,1,1,1,3,3,1,0,0,1,1,1,,TJ,TJK
Tajikistan,762,EUR,2013,87,87,69,4,4,1,1,1,2,2,11,11,1,1,0,0,1,1,0,TJ,TJK
Tajikistan,762,EUR,2014,84,83,83,5,5,1,1,1,3,0,14,0,1,0,0,0,1,1,1,TJ,TJK
Thailand,764,SEA,2009,1101,900,890,,64,15,12,12,2,2,,,1,1,,,1,,,TH,THA
Thailand,764,SEA,2010,1081,865,865,,65,15,15,15,2,0,,,1,0,,,1,,,TH,THA
Thailand,764,SEA,2011,1100,990,973,6,65,15,15,15,2,0,11,0,1,1,,,1,,,TH,THA
Thailand,764,SEA,2012,1081,970,875,65,65,18,18,18,12,0,14,0,1,0,1,1,1,1,,TH,THA
Thailand,764,SEA,2013,1081,970,875,65,65,18,18,18,12,0,14,0,1,0,1,1,1,1,1,TH,THA
Thailand,764,SEA,2014,908,738,606,24,53,20,12,7,12,6,14,4,1,0,1,1,1,1,0,TH,THA
The Former Yugoslav Republic of Macedonia,807,EUR,2009,10,10,10,,3,1,1,1,0,0,,,0,0,,,1,,,MK,MKD
The Former Yugoslav Republic of Macedonia,807,EUR,2010,10,10,10,,3,1,1,1,0,0,,,0,1,,,1,,,MK,MKD
The Former Yugoslav Republic of Macedonia,807,EUR,2011,8,8,8,0,5,1,1,1,0,0,0,0,0,1,,,1,,,MK,MKD
The Former Yugoslav Republic of Macedonia,807,EUR,2012,7,7,7,0,3,1,0,0,0,0,0,0,0,1,0,0,1,1,,MK,MKD
The Former Yugoslav Republic of Macedonia,807,EUR,2013,7,7,7,0,3,1,0,0,0,0,0,0,0,1,0,1,1,1,0,MK,MKD
The Former Yugoslav Republic of Macedonia,807,EUR,2014,7,7,7,0,3,1,0,0,0,0,1,0,0,1,0,1,1,1,0,MK,MKD
Timor-Leste,626,SEA,2009,19,19,19,,0,0,0,0,0,0,,,0,1,,,1,,,TL,TLS
Timor-Leste,626,SEA,2010,,,,,,,,,,,,,,,,,,,,TL,TLS
Timor-Leste,626,SEA,2011,19,19,19,0,0,0,,,0,,0,,0,1,,,1,,,TL,TLS
Timor-Leste,626,SEA,2012,18,18,18,,,,,,,,1,,0,0,1,1,1,1,,TL,TLS
Timor-Leste,626,SEA,2013,18,,,0,0,0,,,0,,1,1,0,1,1,1,1,1,1,TL,TLS
Timor-Leste,626,SEA,2014,18,6,6,,,,,,,,2,,0,1,1,0,1,1,1,TL,TLS
Togo,768,AFR,2009,110,110,101,,1,1,1,1,0,0,,,0,0,,,1,,,TG,TGO
Togo,768,AFR,2010,111,59,59,,1,1,1,1,1,1,,,0,0,,,1,,,TG,TGO
Togo,768,AFR,2011,115,59,59,1,1,1,1,1,0,0,0,0,0,0,,,1,,,TG,TGO
Togo,768,AFR,2012,111,59,57,0,1,1,1,1,0,0,1,1,0,0,1,1,1,1,,TG,TGO
Togo,768,AFR,2013,59,0,0,0,1,1,1,1,0,0,1,,0,0,1,1,1,1,0,TG,TGO
Togo,768,AFR,2014,59,0,0,1,1,1,1,1,0,0,1,0,0,0,1,1,1,1,1,TG,TGO
Tokelau,772,WPR,2009,,,,,,,,,,,,,,,,,,,,TK,TKL
Tokelau,772,WPR,2010,,,,,,,,,,,,,0,1,,,1,,,TK,TKL
Tokelau,772,WPR,2011,,,,,,,,,,,,,0,0,,,0,,,TK,TKL
Tokelau,772,WPR,2012,,,,,,,,,,,,,,,,,,,,TK,TKL
Tokelau,772,WPR,2013,,,,,,,,,,,,,0,1,,,1,1,,TK,TKL
Tokelau,772,WPR,2014,,,,,,,,,,,,,,,,,,,,TK,TKL
Tonga,776,WPR,2009,1,1,1,,0,0,0,0,0,0,,,0,1,,,1,,,TO,TON
Tonga,776,WPR,2010,1,1,1,,0,0,0,0,0,0,,,0,1,,,1,,,TO,TON
Tonga,776,WPR,2011,,,,,,,,,,,,,0,1,,,1,,,TO,TON
Tonga,776,WPR,2012,,,,,,,,,,,,,0,1,,,1,0,,TO,TON
Tonga,776,WPR,2013,,,,,,,,,,,,,0,1,,,1,1,1,TO,TON
Tonga,776,WPR,2014,,,,,,,,,,,,,0,1,,,1,1,1,TO,TON
Trinidad and Tobago,780,AMR,2009,,,,,,,,,,,,,0,0,,,1,,,TT,TTO
Trinidad and Tobago,780,AMR,2010,,,,,,,,,,,,,0,1,,,1,,,TT,TTO
Trinidad and Tobago,780,AMR,2011,,,,,,,,,,,,,0,0,,,1,,,TT,TTO
Trinidad and Tobago,780,AMR,2012,,,,,,,,,,,,,1,1,,,1,0,,TT,TTO
Trinidad and Tobago,780,AMR,2013,,,,,,,,,,,,,1,1,,,1,1,1,TT,TTO
Trinidad and Tobago,780,AMR,2014,,,,,,,,,,,,,1,1,,,1,1,1,TT,TTO
Tunisia,788,EMR,2009,66,33,31,,7,5,5,5,3,3,,,1,0,,,1,,,TN,TUN
Tunisia,788,EMR,2010,64,62,47,,11,5,,,,,,,,,,,,,,TN,TUN
Tunisia,788,EMR,2011,75,75,58,0,11,5,0,0,0,0,0,0,1,0,,,1,,,TN,TUN
Tunisia,788,EMR,2012,75,75,58,0,11,5,2,2,1,1,2,0,1,0,0,1,1,1,,TN,TUN
Tunisia,788,EMR,2013,75,75,64,5,11,5,5,5,1,1,2,2,1,0,1,1,1,1,1,TN,TUN
Tunisia,788,EMR,2014,75,75,63,5,11,4,,,2,,2,,1,0,1,1,1,1,1,TN,TUN
Turkey,792,EUR,2009,161,16,,,37,23,18,,0,0,,,1,0,,,1,,,TR,TUR
Turkey,792,EUR,2010,416,69,,,172,69,29,,19,7,,,1,0,,,1,,,TR,TUR
Turkey,792,EUR,2011,389,72,,,156,71,33,,9,,18,,1,0,,,1,,,TR,TUR
Turkey,792,EUR,2012,384,77,,,158,76,42,,9,0,18,0,1,0,1,1,1,1,,TR,TUR
Turkey,792,EUR,2013,383,83,80,19,153,79,52,52,5,,19,,1,0,1,1,1,1,1,TR,TUR
Turkey,792,EUR,2014,375,92,,17,153,76,51,,7,2,24,15,1,0,1,1,1,1,1,TR,TUR
Turkmenistan,795,EUR,2009,61,1,1,,1,1,1,1,1,,,,1,0,,,1,,,TM,TKM
Turkmenistan,795,EUR,2010,61,61,57,,2,1,1,1,2,,,,0,0,,,1,,,TM,TKM
Turkmenistan,795,EUR,2011,61,61,61,1,2,1,0,,2,0,0,,0,0,,,1,,,TM,TKM
Turkmenistan,795,EUR,2012,63,63,63,5,2,1,,,2,,0,,0,0,0,0,1,1,,TM,TKM
Turkmenistan,795,EUR,2013,61,61,61,6,3,3,1,,2,0,4,0,0,0,0,0,1,1,0,TM,TKM
Turkmenistan,795,EUR,2014,61,,,6,4,3,,,3,,6,,0,0,0,0,1,1,0,TM,TKM
Turks and Caicos Islands,796,AMR,2009,,,,,,,,,,,,,,,,,,,,TC,TCA
Turks and Caicos Islands,796,AMR,2010,,,,,,,,,,,,,,1,,,1,,,TC,TCA
Turks and Caicos Islands,796,AMR,2011,,,,,,,,,,,,,0,1,,,1,,,TC,TCA
Turks and Caicos Islands,796,AMR,2012,,,,,,,,,,,,,,,,,,,,TC,TCA
Turks and Caicos Islands,796,AMR,2013,,,,,,,,,,,,,0,1,,,0,,,TC,TCA
Turks and Caicos Islands,796,AMR,2014,,,,,,,,,,,,,0,1,,,0,,,TC,TCA
Tuvalu,798,WPR,2009,1,1,1,,0,0,0,,0,0,,,0,0,,,1,,,TV,TUV
Tuvalu,798,WPR,2010,1,1,1,,0,0,0,0,0,0,,,0,1,,,1,,,TV,TUV
Tuvalu,798,WPR,2011,,,,,,,,,,,,,0,,,,1,,,TV,TUV
Tuvalu,798,WPR,2012,,,,,,,,,,,,,0,1,,,1,1,,TV,TUV
Tuvalu,798,WPR,2013,,,,,,,,,,,,,0,1,,,1,1,1,TV,TUV
Tuvalu,798,WPR,2014,,,,,,,,,,,,,0,1,,,1,1,1,TV,TUV
Uganda,800,AFR,2009,829,810,566,,6,4,2,2,2,0,,,1,0,,,1,,,UG,UGA
Uganda,800,AFR,2010,954,888,729,,8,4,3,1,3,2,,,1,0,,,1,,,UG,UGA
Uganda,800,AFR,2011,1081,957,650,11,7,8,3,3,8,0,18,0,1,0,,,1,,,UG,UGA
Uganda,800,AFR,2012,1152,1042,896,95,4,4,4,4,4,2,25,13,1,,1,1,1,1,,UG,UGA
Uganda,800,AFR,2013,1333,1170,767,63,4,4,3,3,2,1,37,1,1,,1,1,1,1,1,UG,UGA
Uganda,800,AFR,2014,1365,1365,956,250,5,5,5,5,3,1,74,0,1,,1,1,1,1,1,UG,UGA
Ukraine,804,EUR,2009,1011,,,,103,46,1,1,0,,,,1,0,,,1,,,UA,UKR
Ukraine,804,EUR,2010,1011,291,,,103,46,1,1,,,,,1,0,,,1,,,UA,UKR
Ukraine,804,EUR,2011,859,,,,82,42,28,23,0,0,0,0,1,,,,1,,,UA,UKR
Ukraine,804,EUR,2012,821,290,290,38,86,41,28,28,0,0,15,,1,,0,0,1,1,,UA,UKR
Ukraine,804,EUR,2013,808,663,663,,81,32,,,3,,15,,1,,0,0,1,1,0,UA,UKR
Ukraine,804,EUR,2014,676,643,643,0,65,24,24,23,3,0,25,0,1,1,0,0,1,1,1,UA,UKR
United Arab Emirates,784,EMR,2009,,,,,,,,,,,,,1,,,,,,,AE,ARE
United Arab Emirates,784,EMR,2010,,,,,,,,,,,,,0,0,,,0,,,AE,ARE
United Arab Emirates,784,EMR,2011,,,,,,,,,,,,,1,1,,,0,,,AE,ARE
United Arab Emirates,784,EMR,2012,,,,,,,,,,,,,1,,,,0,,,AE,ARE
United Arab Emirates,784,EMR,2013,,,,,,,,,,,,,1,0,,,0,,,AE,ARE
United Arab Emirates,784,EMR,2014,,,,,,,,,,,,,1,1,,,0,,,AE,ARE
United Kingdom of Great Britain and Northern Ireland,826,EUR,2009,,,,,,,,,,,,,1,0,,,1,,,GB,GBR
United Kingdom of Great Britain and Northern Ireland,826,EUR,2010,199,195,193,,124,7,6,6,10,,,,1,0,,,1,,,GB,GBR
United Kingdom of Great Britain and Northern Ireland,826,EUR,2011,193,193,192,,126,21,21,21,12,,16,,1,0,,,1,,,GB,GBR
United Kingdom of Great Britain and Northern Ireland,826,EUR,2012,,,,,,,,,,,,,1,,1,1,1,1,,GB,GBR
United Kingdom of Great Britain and Northern Ireland,826,EUR,2013,,,,,,7,,,,,,,1,,1,1,1,1,1,GB,GBR
United Kingdom of Great Britain and Northern Ireland,826,EUR,2014,,,,,,,,,,,,,1,,1,1,1,1,1,GB,GBR
United Republic of Tanzania,834,AFR,2009,700,40,25,,1,1,1,1,0,0,,,0,1,,,1,,,TZ,TZA
United Republic of Tanzania,834,AFR,2010,720,504,108,,4,2,2,2,2,2,,,1,1,,,1,,,TZ,TZA
United Republic of Tanzania,834,AFR,2011,945,13,4,26,5,1,1,1,1,0,6,0,1,1,,,1,,,TZ,TZA
United Republic of Tanzania,834,AFR,2012,945,,,156,4,1,1,1,3,3,13,4,1,,1,1,1,1,,TZ,TZA
United Republic of Tanzania,834,AFR,2013,945,,,156,5,1,1,1,3,3,35,,1,0,1,1,1,1,1,TZ,TZA
United Republic of Tanzania,834,AFR,2014,945,330,,135,4,1,1,1,3,,59,0,1,0,1,1,1,1,1,TZ,TZA
United States of America,840,AMR,2009,,,,,,,,,,,,,1,0,,,1,,,US,USA
United States of America,840,AMR,2010,,,,,,,,,,,,,1,0,,,1,,,US,USA
United States of America,840,AMR,2011,,,,,,,,,,,,,1,0,,,1,,,US,USA
United States of America,840,AMR,2012,,,,,,,,,,,,,1,0,,,1,,,US,USA
United States of America,840,AMR,2013,,,,,,,,,,,,,1,0,,,1,,,US,USA
United States of America,840,AMR,2014,,,,,,,,,,,,,1,0,,,1,,,US,USA
Uruguay,858,AMR,2009,,,,,,,,,,,,,0,0,,,1,,,UY,URY
Uruguay,858,AMR,2010,1,1,1,,1,1,1,1,0,0,,,0,1,,,0,,,UY,URY
Uruguay,858,AMR,2011,1,1,1,1,1,1,1,1,1,1,0,0,0,1,,,0,,,UY,URY
Uruguay,858,AMR,2012,1,0,0,1,1,1,1,1,1,0,0,0,0,1,0,0,1,1,,UY,URY
Uruguay,858,AMR,2013,1,1,1,1,1,1,1,1,1,1,1,1,0,1,1,1,1,1,1,UY,URY
Uruguay,858,AMR,2014,1,1,1,1,1,1,1,1,1,1,1,1,0,1,1,1,1,1,1,UY,URY
US Virgin Islands,850,AMR,2009,,,,,,,,,,,,,,,,,,,,VI,VIR
US Virgin Islands,850,AMR,2010,,,,,,,,,,,,,,,,,,,,VI,VIR
US Virgin Islands,850,AMR,2011,,,,,,,,,,,,,,,,,,,,VI,VIR
US Virgin Islands,850,AMR,2012,,,,,,,,,,,,,,,,,,,,VI,VIR
US Virgin Islands,850,AMR,2013,,,,,,,,,,,,,,,,,,,,VI,VIR
US Virgin Islands,850,AMR,2014,,,,,,,,,,,,,,,,,,,,VI,VIR
Uzbekistan,860,EUR,2009,317,276,276,,2,2,2,2,2,2,,,1,0,,,1,,,UZ,UZB
Uzbekistan,860,EUR,2010,312,301,284,,4,2,2,2,2,2,,,1,0,,,1,,,UZ,UZB
Uzbekistan,860,EUR,2011,320,320,296,2,7,2,2,2,3,2,0,0,1,0,,,1,,,UZ,UZB
Uzbekistan,860,EUR,2012,291,270,253,3,7,3,3,3,3,2,7,7,1,0,0,1,1,1,,UZ,UZB
Uzbekistan,860,EUR,2013,305,281,254,2,7,2,2,2,3,2,11,11,1,0,0,0,1,1,0,UZ,UZB
Uzbekistan,860,EUR,2014,325,325,325,2,7,2,2,2,3,2,24,21,1,0,0,0,1,1,1,UZ,UZB
Vanuatu,548,WPR,2009,6,1,,,0,0,0,0,0,0,,,0,1,,,0,,,VU,VUT
Vanuatu,548,WPR,2010,11,8,,,0,0,0,0,0,0,,,0,1,,,1,,,VU,VUT
Vanuatu,548,WPR,2011,11,,,0,0,0,0,0,0,0,0,0,0,0,,,1,,,VU,VUT
Vanuatu,548,WPR,2012,10,1,1,10,0,0,0,0,0,0,0,0,0,1,0,0,1,1,,VU,VUT
Vanuatu,548,WPR,2013,11,0,0,10,0,0,0,0,0,0,0,0,0,1,0,0,1,1,0,VU,VUT
Vanuatu,548,WPR,2014,10,6,6,10,0,0,0,0,0,0,0,0,0,1,0,0,1,1,0,VU,VUT
Venezuela (Bolivarian Republic of),862,AMR,2009,564,245,84,,19,1,1,1,0,0,,,1,0,,,1,,,VE,VEN
Venezuela (Bolivarian Republic of),862,AMR,2010,569,226,196,,21,1,1,1,0,0,,,1,0,,,1,,,VE,VEN
Venezuela (Bolivarian Republic of),862,AMR,2011,553,222,90,0,22,1,1,1,0,0,0,0,1,0,,,1,,,VE,VEN
Venezuela (Bolivarian Republic of),862,AMR,2012,251,162,137,0,21,1,1,1,1,0,0,0,1,0,1,1,1,1,,VE,VEN
Venezuela (Bolivarian Republic of),862,AMR,2013,263,130,112,0,16,1,1,1,1,1,2,2,1,0,1,1,1,1,1,VE,VEN
Venezuela (Bolivarian Republic of),862,AMR,2014,257,118,101,0,10,1,1,1,0,0,2,2,1,0,1,1,1,1,1,VE,VEN
Viet Nam,704,WPR,2009,800,800,725,,23,2,0,0,2,0,,,1,0,,,1,,,VN,VNM
Viet Nam,704,WPR,2010,800,800,720,,23,2,0,0,2,0,,,1,0,,,1,,,VN,VNM
Viet Nam,704,WPR,2011,800,800,720,2,25,2,2,2,2,2,2,2,1,0,,,1,,,VN,VNM
Viet Nam,704,WPR,2012,800,800,720,2,25,2,2,2,2,2,22,22,1,0,0,1,1,1,,VN,VNM
Viet Nam,704,WPR,2013,975,956,872,24,24,2,2,2,2,0,27,22,1,0,1,1,1,1,1,VN,VNM
Viet Nam,704,WPR,2014,989,982,922,20,23,2,0,0,2,0,30,22,1,1,0,1,1,1,1,VN,VNM
Wallis and Futuna Islands,876,WPR,2009,,,,,,,,,,,,,,1,,,0,,,WF,WLF
Wallis and Futuna Islands,876,WPR,2010,,,,,,,,,,,,,,,,,,,,WF,WLF
Wallis and Futuna Islands,876,WPR,2011,,,,,,,,,,,,,0,0,,,1,,,WF,WLF
Wallis and Futuna Islands,876,WPR,2012,,,,,,,,,,,,,,,,,,,,WF,WLF
Wallis and Futuna Islands,876,WPR,2013,,,,,,,,,,,,,,1,,,1,1,1,WF,WLF
Wallis and Futuna Islands,876,WPR,2014,,,,,,,,,,,,,,1,,,1,1,1,WF,WLF
West Bank and Gaza Strip,275,EMR,2009,5,0,0,,1,0,0,0,0,0,,,0,1,,,0,,,PS,PSE
West Bank and Gaza Strip,275,EMR,2010,63,2,2,,1,0,0,0,0,0,,,0,0,,,1,,,PS,PSE
West Bank and Gaza Strip,275,EMR,2011,63,2,2,0,1,0,0,0,0,0,,,0,0,,,1,,,PS,PSE
West Bank and Gaza Strip,275,EMR,2012,63,2,2,0,1,0,0,0,0,0,0,0,0,0,0,1,1,1,,PS,PSE
West Bank and Gaza Strip,275,EMR,2013,,,,,,,,,,,,,,,,,,,,PS,PSE
West Bank and Gaza Strip,275,EMR,2014,17,2,2,2,1,0,0,0,0,0,0,0,0,1,0,0,1,0,1,PS,PSE
Yemen,887,EMR,2009,265,265,220,,4,2,2,2,,,,,0,0,,,1,,,YE,YEM
Yemen,887,EMR,2010,196,196,189,,4,2,2,2,0,0,,,0,0,,,1,,,YE,YEM
Yemen,887,EMR,2011,265,192,,,,,,,,,,,0,0,,,1,,,YE,YEM
Yemen,887,EMR,2012,240,229,,,4,2,,,,,,,0,0,0,1,1,0,,YE,YEM
Yemen,887,EMR,2013,232,232,209,,4,4,0,0,0,0,0,0,0,0,0,0,1,0,,YE,YEM
Yemen,887,EMR,2014,225,219,207,0,4,4,0,0,0,0,0,0,0,0,0,1,1,0,0,YE,YEM
Zambia,894,AFR,2009,223,92,58,,,3,3,3,0,0,,,0,0,,,1,,,ZM,ZMB
Zambia,894,AFR,2010,,,,,,,,,,,,,0,0,,,1,,,ZM,ZMB
Zambia,894,AFR,2011,,,,,,,,,,,,,,,,,,,,ZM,ZMB
Zambia,894,AFR,2012,217,,,3,3,,,,,,,,1,0,1,1,1,1,,ZM,ZMB
Zambia,894,AFR,2013,364,,,3,3,,,,,,,,1,0,1,1,1,1,1,ZM,ZMB
Zambia,894,AFR,2014,364,,,3,3,1,,,1,,21,,1,0,1,1,1,1,1,ZM,ZMB
Zimbabwe,716,AFR,2009,126,126,115,,1,1,0,0,0,0,,,0,0,,,1,,,ZW,ZWE
Zimbabwe,716,AFR,2010,117,93,71,,2,2,2,2,0,0,,,0,0,,,1,,,ZW,ZWE
Zimbabwe,716,AFR,2011,151,124,120,4,2,2,2,2,0,0,11,0,0,0,,,1,,,ZW,ZWE
Zimbabwe,716,AFR,2012,185,148,131,2,2,2,2,2,0,0,17,0,0,0,1,1,1,1,,ZW,ZWE
Zimbabwe,716,AFR,2013,211,187,177,2,2,2,2,2,1,0,58,0,1,1,1,1,1,1,1,ZW,ZWE
Zimbabwe,716,AFR,2014,220,220,195,22,2,2,2,2,1,,62,,1,1,1,1,1,1,1,ZW,ZWE
