ID,var3,var15,imp_ent_var16_ult1,imp_op_var39_comer_ult1,imp_op_var39_comer_ult3,imp_op_var40_comer_ult1,imp_op_var40_comer_ult3,imp_op_var40_efect_ult1,imp_op_var40_efect_ult3,imp_op_var40_ult1,imp_op_var41_comer_ult1,imp_op_var41_comer_ult3,imp_op_var41_efect_ult1,imp_op_var41_efect_ult3,imp_op_var41_ult1,imp_op_var39_efect_ult1,imp_op_var39_efect_ult3,imp_op_var39_ult1,imp_sal_var16_ult1,ind_var1_0,ind_var1,ind_var2_0,ind_var2,ind_var5_0,ind_var5,ind_var6_0,ind_var6,ind_var8_0,ind_var8,ind_var12_0,ind_var12,ind_var13_0,ind_var13_corto_0,ind_var13_corto,ind_var13_largo_0,ind_var13_largo,ind_var13_medio_0,ind_var13_medio,ind_var13,ind_var14_0,ind_var14,ind_var17_0,ind_var17,ind_var18_0,ind_var18,ind_var19,ind_var20_0,ind_var20,ind_var24_0,ind_var24,ind_var25_cte,ind_var26_0,ind_var26_cte,ind_var26,ind_var25_0,ind_var25,ind_var27_0,ind_var28_0,ind_var28,ind_var27,ind_var29_0,ind_var29,ind_var30_0,ind_var30,ind_var31_0,ind_var31,ind_var32_cte,ind_var32_0,ind_var32,ind_var33_0,ind_var33,ind_var34_0,ind_var34,ind_var37_cte,ind_var37_0,ind_var37,ind_var39_0,ind_var40_0,ind_var40,ind_var41_0,ind_var41,ind_var39,ind_var44_0,ind_var44,ind_var46_0,ind_var46,num_var1_0,num_var1,num_var4,num_var5_0,num_var5,num_var6_0,num_var6,num_var8_0,num_var8,num_var12_0,num_var12,num_var13_0,num_var13_corto_0,num_var13_corto,num_var13_largo_0,num_var13_largo,num_var13_medio_0,num_var13_medio,num_var13,num_var14_0,num_var14,num_var17_0,num_var17,num_var18_0,num_var18,num_var20_0,num_var20,num_var24_0,num_var24,num_var26_0,num_var26,num_var25_0,num_var25,num_op_var40_hace2,num_op_var40_hace3,num_op_var40_ult1,num_op_var40_ult3,num_op_var41_hace2,num_op_var41_hace3,num_op_var41_ult1,num_op_var41_ult3,num_op_var39_hace2,num_op_var39_hace3,num_op_var39_ult1,num_op_var39_ult3,num_var27_0,num_var28_0,num_var28,num_var27,num_var29_0,num_var29,num_var30_0,num_var30,num_var31_0,num_var31,num_var32_0,num_var32,num_var33_0,num_var33,num_var34_0,num_var34,num_var35,num_var37_med_ult2,num_var37_0,num_var37,num_var39_0,num_var40_0,num_var40,num_var41_0,num_var41,num_var39,num_var42_0,num_var42,num_var44_0,num_var44,num_var46_0,num_var46,saldo_var1,saldo_var5,saldo_var6,saldo_var8,saldo_var12,saldo_var13_corto,saldo_var13_largo,saldo_var13_medio,saldo_var13,saldo_var14,saldo_var17,saldo_var18,saldo_var20,saldo_var24,saldo_var26,saldo_var25,saldo_var28,saldo_var27,saldo_var29,saldo_var30,saldo_var31,saldo_var32,saldo_var33,saldo_var34,saldo_var37,saldo_var40,saldo_var41,saldo_var42,saldo_var44,saldo_var46,var36,delta_imp_amort_var18_1y3,delta_imp_amort_var34_1y3,delta_imp_aport_var13_1y3,delta_imp_aport_var17_1y3,delta_imp_aport_var33_1y3,delta_imp_compra_var44_1y3,delta_imp_reemb_var13_1y3,delta_imp_reemb_var17_1y3,delta_imp_reemb_var33_1y3,delta_imp_trasp_var17_in_1y3,delta_imp_trasp_var17_out_1y3,delta_imp_trasp_var33_in_1y3,delta_imp_trasp_var33_out_1y3,delta_imp_venta_var44_1y3,delta_num_aport_var13_1y3,delta_num_aport_var17_1y3,delta_num_aport_var33_1y3,delta_num_compra_var44_1y3,delta_num_reemb_var13_1y3,delta_num_reemb_var17_1y3,delta_num_reemb_var33_1y3,delta_num_trasp_var17_in_1y3,delta_num_trasp_var17_out_1y3,delta_num_trasp_var33_in_1y3,delta_num_trasp_var33_out_1y3,delta_num_venta_var44_1y3,imp_amort_var18_hace3,imp_amort_var18_ult1,imp_amort_var34_hace3,imp_amort_var34_ult1,imp_aport_var13_hace3,imp_aport_var13_ult1,imp_aport_var17_hace3,imp_aport_var17_ult1,imp_aport_var33_hace3,imp_aport_var33_ult1,imp_var7_emit_ult1,imp_var7_recib_ult1,imp_compra_var44_hace3,imp_compra_var44_ult1,imp_reemb_var13_hace3,imp_reemb_var13_ult1,imp_reemb_var17_hace3,imp_reemb_var17_ult1,imp_reemb_var33_hace3,imp_reemb_var33_ult1,imp_var43_emit_ult1,imp_trans_var37_ult1,imp_trasp_var17_in_hace3,imp_trasp_var17_in_ult1,imp_trasp_var17_out_hace3,imp_trasp_var17_out_ult1,imp_trasp_var33_in_hace3,imp_trasp_var33_in_ult1,imp_trasp_var33_out_hace3,imp_trasp_var33_out_ult1,imp_venta_var44_hace3,imp_venta_var44_ult1,ind_var7_emit_ult1,ind_var7_recib_ult1,ind_var10_ult1,ind_var10cte_ult1,ind_var9_cte_ult1,ind_var9_ult1,ind_var43_emit_ult1,ind_var43_recib_ult1,var21,num_var2_0_ult1,num_var2_ult1,num_aport_var13_hace3,num_aport_var13_ult1,num_aport_var17_hace3,num_aport_var17_ult1,num_aport_var33_hace3,num_aport_var33_ult1,num_var7_emit_ult1,num_var7_recib_ult1,num_compra_var44_hace3,num_compra_var44_ult1,num_ent_var16_ult1,num_var22_hace2,num_var22_hace3,num_var22_ult1,num_var22_ult3,num_med_var22_ult3,num_med_var45_ult3,num_meses_var5_ult3,num_meses_var8_ult3,num_meses_var12_ult3,num_meses_var13_corto_ult3,num_meses_var13_largo_ult3,num_meses_var13_medio_ult3,num_meses_var17_ult3,num_meses_var29_ult3,num_meses_var33_ult3,num_meses_var39_vig_ult3,num_meses_var44_ult3,num_op_var39_comer_ult1,num_op_var39_comer_ult3,num_op_var40_comer_ult1,num_op_var40_comer_ult3,num_op_var40_efect_ult1,num_op_var40_efect_ult3,num_op_var41_comer_ult1,num_op_var41_comer_ult3,num_op_var41_efect_ult1,num_op_var41_efect_ult3,num_op_var39_efect_ult1,num_op_var39_efect_ult3,num_reemb_var13_hace3,num_reemb_var13_ult1,num_reemb_var17_hace3,num_reemb_var17_ult1,num_reemb_var33_hace3,num_reemb_var33_ult1,num_sal_var16_ult1,num_var43_emit_ult1,num_var43_recib_ult1,num_trasp_var11_ult1,num_trasp_var17_in_hace3,num_trasp_var17_in_ult1,num_trasp_var17_out_hace3,num_trasp_var17_out_ult1,num_trasp_var33_in_hace3,num_trasp_var33_in_ult1,num_trasp_var33_out_hace3,num_trasp_var33_out_ult1,num_venta_var44_hace3,num_venta_var44_ult1,num_var45_hace2,num_var45_hace3,num_var45_ult1,num_var45_ult3,saldo_var2_ult1,saldo_medio_var5_hace2,saldo_medio_var5_hace3,saldo_medio_var5_ult1,saldo_medio_var5_ult3,saldo_medio_var8_hace2,saldo_medio_var8_hace3,saldo_medio_var8_ult1,saldo_medio_var8_ult3,saldo_medio_var12_hace2,saldo_medio_var12_hace3,saldo_medio_var12_ult1,saldo_medio_var12_ult3,saldo_medio_var13_corto_hace2,saldo_medio_var13_corto_hace3,saldo_medio_var13_corto_ult1,saldo_medio_var13_corto_ult3,saldo_medio_var13_largo_hace2,saldo_medio_var13_largo_hace3,saldo_medio_var13_largo_ult1,saldo_medio_var13_largo_ult3,saldo_medio_var13_medio_hace2,saldo_medio_var13_medio_hace3,saldo_medio_var13_medio_ult1,saldo_medio_var13_medio_ult3,saldo_medio_var17_hace2,saldo_medio_var17_hace3,saldo_medio_var17_ult1,saldo_medio_var17_ult3,saldo_medio_var29_hace2,saldo_medio_var29_hace3,saldo_medio_var29_ult1,saldo_medio_var29_ult3,saldo_medio_var33_hace2,saldo_medio_var33_hace3,saldo_medio_var33_ult1,saldo_medio_var33_ult3,saldo_medio_var44_hace2,saldo_medio_var44_hace3,saldo_medio_var44_ult1,saldo_medio_var44_ult3,var38,TARGET
1,2,23,0,0,0,0,0,0,0,0,0,0,0,0,0,0,0,0,0,0,0,0,0,1,0,0,0,0,0,0,0,0,0,0,0,0,0,0,0,0,0,0,0,0,0,0,0,0,0,0,0,0,0,0,0,0,0,0,0,0,0,0,1,0,0,0,0,0,0,0,0,0,0,0,0,0,1,0,0,1,0,0,0,0,0,0,0,0,0,3,0,0,0,0,0,0,0,0,0,0,0,0,0,0,0,0,0,0,0,0,0,0,0,0,0,0,0,0,0,0,0,0,0,0,0,0,0,0,0,0,0,0,0,0,0,0,0,3,0,0,0,0,0,0,0,0,0,0,0,0,0,3,0,0,3,0,0,3,0,0,0,0,0,0,0,0,0,0,0,0,0,0,0,0,0,0,0,0,0,0,0,0,0,0,0,0,0,0,0,0,0,0,0,99,0,0,0,0,0,0,0,0,0,0,0,0,0,0,0,0,0,0,0,0,0,0,0,0,0,0,0,0,0,0,0,0,0,0,0,0,0,0,0,0,0,0,0,0,0,0,0,0,0,0,0,0,0,0,0,0,0,0,0,0,0,0,0,0,0,0,0,0,0,0,0,0,0,0,0,0,0,0,0,0,0,0,0,0,0,0,0,0,0,0,0,0,0,0,0,2,0,0,0,0,0,0,0,0,0,0,0,0,0,0,0,0,0,0,0,0,0,0,0,0,0,0,0,0,0,0,0,0,0,0,0,0,0,0,0,0,0,0,0,0,0,0,0,0,0,0,0,0,0,0,0,0,0,0,0,0,0,0,0,0,0,0,0,0,0,0,0,0,0,0,0,0,0,0,39205.17,0
3,2,34,0,0,0,0,0,0,0,0,0,0,0,0,0,0,0,0,0,0,0,0,0,1,0,0,0,0,0,0,0,1,1,1,0,0,0,0,1,0,0,0,0,0,0,0,0,0,0,0,0,0,0,0,0,0,0,0,0,0,0,0,1,1,0,0,0,0,0,0,0,0,0,0,0,0,1,0,0,1,0,0,0,0,0,0,0,0,1,3,0,0,0,0,0,0,0,3,3,3,0,0,0,0,3,0,0,0,0,0,0,0,0,0,0,0,0,0,0,0,0,0,0,0,0,0,0,0,0,0,0,0,0,0,0,0,0,6,3,0,0,0,0,0,0,0,0,3,0,0,0,3,0,0,3,0,0,3,0,0,0,0,0,0,0,0,0,0,300,0,0,300,0,0,0,0,0,0,0,0,0,0,300,0,0,0,0,0,0,0,0,0,0,3,0,0,-1,0,0,0,0,0,0,0,0,0,0,0,-1,0,0,0,0,0,0,0,0,0,0,0,0,0,0,0,300,0,0,0,0,0,0,0,0,0,0,0,0,0,0,0,0,0,0,0,0,0,0,0,0,0,0,0,0,0,0,0,0,0,0,0,0,0,0,3,0,0,0,0,0,0,0,0,0,0,0,0,0,0,0,0,1,0,0,3,0,0,0,0,0,2,0,0,0,0,0,0,0,0,0,0,0,0,0,0,0,0,0,0,0,0,0,0,0,0,0,0,0,0,0,0,0,0,0,0,0,0,0,0,0,88.89,0,0,0,0,0,0,0,0,0,0,300,122.22,300,240.75,0,0,0,0,0,0,0,0,0,0,0,0,0,0,0,0,0,0,0,0,0,0,0,0,49278.03,0
4,2,23,0,0,0,0,0,0,0,0,0,0,0,0,0,0,0,0,0,0,0,0,0,1,1,0,0,0,0,0,0,0,0,0,0,0,0,0,0,0,0,0,0,0,0,0,0,0,0,0,0,0,0,0,0,0,0,0,0,0,0,0,1,1,0,0,0,0,0,0,0,0,0,0,0,0,1,0,0,1,0,0,0,0,0,0,0,0,1,3,3,0,0,0,0,0,0,0,0,0,0,0,0,0,0,0,0,0,0,0,0,0,0,0,0,0,0,0,0,0,0,0,0,0,0,0,0,0,0,0,0,0,0,0,0,0,0,3,3,0,0,0,0,0,0,0,0,3,0,0,0,3,0,0,3,0,0,3,3,0,0,0,0,0,3,0,0,0,0,0,0,0,0,0,0,0,0,0,0,0,0,0,3,0,0,0,0,0,0,0,3,0,0,99,0,0,0,0,0,0,0,0,0,0,0,0,0,0,0,0,0,0,0,0,0,0,0,0,0,0,0,0,0,0,0,0,0,0,0,0,0,0,0,0,0,0,0,0,0,0,0,0,0,0,0,0,0,0,0,0,0,0,0,0,0,0,0,0,0,0,0,0,0,0,0,0,0,0,0,0,0,0,0,0,0,0,0,0,0,0,3,0,0,0,0,0,0,0,0,1,0,0,0,0,0,0,0,0,0,0,0,0,0,0,0,0,0,0,0,0,0,0,0,0,0,0,0,0,0,0,0,0,0,0,0,0,0,0,3,0.18,3,2.07,0,0,0,0,0,0,0,0,0,0,0,0,0,0,0,0,0,0,0,0,0,0,0,0,0,0,0,0,0,0,0,0,0,0,0,0,67333.77,0
8,2,37,0,195,195,0,0,0,0,0,195,195,0,0,195,0,0,195,0,0,0,0,0,1,1,0,0,0,0,0,0,0,0,0,0,0,0,0,0,0,0,0,0,0,0,0,0,0,0,0,0,0,0,0,0,0,0,0,0,0,0,0,1,1,0,0,0,0,0,0,0,0,0,1,1,1,1,0,0,1,0,0,0,0,0,0,0,0,3,3,3,0,0,0,0,0,0,0,0,0,0,0,0,0,0,0,0,0,0,0,0,0,0,0,0,0,0,0,0,0,0,0,0,0,0,9,9,0,0,9,9,0,0,0,0,0,0,3,3,0,0,0,0,0,0,0,0,9,6,6,6,3,0,0,3,0,0,3,3,0,0,0,0,0,70.62,0,0,0,0,0,0,0,0,0,0,0,0,0,0,0,0,0,70.62,0,0,0,0,34.95,0,0,70.62,0,0,2,0,0,0,0,0,0,0,0,0,0,0,0,0,0,0,0,0,0,0,0,0,0,0,0,0,0,0,0,0,0,0,0,0,0,0,0,0,0,0,0,0,0,0,0,0,0,0,0,0,0,0,0,0,0,0,0,0,0,0,0,1,1,1,1,0,0,0,0,0,0,0,0,0,0,0,0,0,0,0,0,3,0,0,3,0,15,2,0,0,0,0,0,0,0,0,1,0,9,9,0,0,0,0,9,9,0,0,0,0,0,0,0,0,0,0,0,0,0,0,0,0,0,0,0,0,0,0,0,0,27,3,18,48,0,186.09,0,91.56,138.84,0,0,0,0,0,0,0,0,0,0,0,0,0,0,0,0,0,0,0,0,0,0,0,0,0,0,0,0,0,0,0,0,0,0,0,0,64007.97,0
10,2,39,0,0,0,0,0,0,0,0,0,0,0,0,0,0,0,0,0,0,0,0,0,1,0,0,0,0,0,1,1,0,0,0,0,0,0,0,0,0,0,0,0,0,0,0,0,0,1,1,0,0,0,0,0,0,0,0,0,0,0,0,1,1,0,0,0,0,0,0,0,0,0,0,0,0,1,0,0,1,0,0,0,0,0,0,0,0,1,3,0,0,0,0,0,3,3,0,0,0,0,0,0,0,0,0,0,0,0,0,0,0,0,3,3,0,0,0,0,0,0,0,0,0,0,0,0,0,0,0,0,0,0,0,0,0,0,6,3,0,0,0,0,0,0,0,0,3,0,0,0,3,0,0,3,0,0,6,3,0,0,0,0,0,0,0,0,135003,0,0,0,0,0,0,0,0,135003,0,0,0,0,0,135003,0,0,0,0,0,0,0,135003,0,0,1,0,0,0,0,0,0,0,0,0,0,0,0,0,0,0,0,0,0,0,0,0,0,0,0,0,0,0,0,0,0,0,0,0,0,0,0,0,0,0,0,0,0,0,0,0,0,135003,270003,0,0,0,0,0,0,0,0,0,0,0,0,0,0,0,0,1,1,0,0,0,0,0,0,0,0,0,0,0,0,0,0,3,0,6,9,3,0,3,0,1,0,0,0,0,0,0,2,0,0,0,0,0,0,0,0,0,0,0,0,0,0,0,0,0,0,0,0,3,6,3,0,0,0,0,0,0,0,0,0,0,0,0,0,0,0,3,0.3,40501.08,13501.47,0,0,0,0,0,0,85501.89,85501.89,0,0,0,0,0,0,0,0,0,0,0,0,0,0,0,0,0,0,0,0,0,0,0,0,0,0,0,0,117310.979016494,0
13,2,23,0,0,0,0,0,0,0,0,0,0,0,0,0,0,0,0,0,0,0,0,0,1,0,0,0,0,0,0,0,0,0,0,0,0,0,0,0,0,0,0,0,0,0,0,0,0,0,0,0,0,0,0,0,0,0,0,0,0,0,0,1,0,0,0,0,0,0,0,0,0,0,0,0,0,1,0,0,1,0,0,0,0,0,0,0,0,0,3,0,0,0,0,0,0,0,0,0,0,0,0,0,0,0,0,0,0,0,0,0,0,0,0,0,0,0,0,0,0,0,0,0,0,0,0,0,0,0,0,0,0,0,0,0,0,0,3,0,0,0,0,0,0,0,0,0,0,0,0,0,3,0,0,3,0,0,3,0,0,0,0,0,0,0,0,0,0,0,0,0,0,0,0,0,0,0,0,0,0,0,0,0,0,0,0,0,0,0,0,0,0,0,99,0,0,0,0,0,0,0,0,0,0,0,0,0,0,0,0,0,0,0,0,0,0,0,0,0,0,0,0,0,0,0,0,0,0,0,0,0,0,0,0,0,0,0,0,0,0,0,0,0,0,0,0,0,0,0,0,0,0,0,0,0,0,0,0,0,0,0,0,0,0,0,0,0,0,0,0,0,0,0,0,0,0,0,0,0,0,0,0,0,0,0,0,0,0,0,2,0,0,0,0,0,0,0,0,0,0,0,0,0,0,0,0,0,0,0,0,0,0,0,0,0,0,0,0,0,0,0,0,0,0,0,0,0,0,0,0,0,0,0,0,0,0,0,0,0,0,0,0,0,0,0,0,0,0,0,0,0,0,0,0,0,0,0,0,0,0,0,0,0,0,0,0,0,0,87975.75,0
14,2,27,0,0,0,0,0,0,0,0,0,0,0,0,0,0,0,0,0,0,0,0,0,1,1,0,0,0,0,0,0,0,0,0,0,0,0,0,0,0,0,0,0,0,0,0,0,0,0,0,0,0,0,0,0,0,0,0,0,0,0,0,1,1,0,0,0,0,0,0,0,0,0,0,0,0,1,0,0,1,0,0,0,0,0,0,0,0,1,3,3,0,0,0,0,0,0,0,0,0,0,0,0,0,0,0,0,0,0,0,0,0,0,0,0,0,0,0,0,0,0,0,0,0,0,0,0,0,0,0,0,0,0,0,0,0,0,3,3,0,0,0,0,0,0,0,0,3,0,0,0,3,0,0,3,0,0,3,3,0,0,0,0,0,3,0,0,0,0,0,0,0,0,0,0,0,0,0,0,0,0,0,3,0,0,0,0,0,0,0,3,0,0,3,0,0,0,0,0,0,0,0,0,0,0,0,0,0,0,0,0,0,0,0,0,0,0,0,0,0,0,0,0,0,0,0,0,0,0,0,0,0,0,0,0,0,0,0,0,0,0,0,0,0,0,0,0,0,0,0,0,0,0,0,0,0,0,0,0,0,0,0,0,0,0,0,0,0,0,0,0,0,0,0,0,0,0,0,0,0,3,0,0,0,0,0,0,0,0,2,0,0,0,0,0,0,0,0,0,0,0,0,0,0,0,0,0,0,0,0,0,0,0,0,0,0,0,0,0,0,0,0,0,0,0,0,0,0,3,0.42,3,2.13,0,0,0,0,0,0,0,0,0,0,0,0,0,0,0,0,0,0,0,0,0,0,0,0,0,0,0,0,0,0,0,0,0,0,0,0,94956.66,0
18,2,26,0,0,0,0,0,0,0,0,0,0,0,0,0,0,0,0,0,0,0,0,0,1,1,0,0,0,0,0,0,0,0,0,0,0,0,0,0,0,0,0,0,0,0,0,0,0,0,0,0,0,0,0,0,0,0,0,0,0,0,0,1,1,0,0,0,0,0,0,0,0,0,0,0,0,1,0,0,1,0,0,0,0,0,0,0,0,1,3,3,0,0,0,0,0,0,0,0,0,0,0,0,0,0,0,0,0,0,0,0,0,0,0,0,0,0,0,0,0,0,0,0,0,0,0,0,0,0,0,0,0,0,0,0,0,0,3,3,0,0,0,0,0,0,0,0,3,0,0,0,3,0,0,3,0,0,3,3,0,0,0,0,0,3,0,0,0,0,0,0,0,0,0,0,0,0,0,0,0,0,0,3,0,0,0,0,0,0,0,3,0,0,2,0,0,0,0,0,0,0,0,0,0,0,0,0,0,0,0,0,0,0,0,0,0,0,0,0,0,0,0,0,0,0,0,0,0,0,0,0,0,0,0,0,0,0,0,0,0,0,0,0,0,0,0,0,0,0,0,0,0,0,0,0,0,0,0,0,0,0,0,0,0,0,0,0,0,0,0,0,0,0,0,0,0,0,0,0,0,2,0,0,0,0,0,0,0,0,1,0,0,0,0,0,0,0,0,0,0,0,0,0,0,0,0,0,0,0,0,0,0,0,0,0,0,0,0,0,0,0,0,0,0,0,0,0,0,2.88,0,3,2.94,0,0,0,0,0,0,0,0,0,0,0,0,0,0,0,0,0,0,0,0,0,0,0,0,0,0,0,0,0,0,0,0,0,0,0,0,251638.95,0
20,2,45,0,0,0,0,0,0,0,0,0,0,0,0,0,0,0,0,0,0,0,0,0,1,0,0,0,0,0,0,0,0,0,0,0,0,0,0,0,0,0,0,0,0,0,0,0,0,0,0,0,0,0,0,0,0,0,0,0,0,0,0,1,0,0,0,0,0,0,0,0,0,0,0,0,0,1,0,0,1,0,0,0,0,0,0,0,0,0,3,0,0,0,0,0,0,0,0,0,0,0,0,0,0,0,0,0,0,0,0,0,0,0,0,0,0,0,0,0,0,0,0,0,0,0,0,0,0,0,0,0,0,0,0,0,0,0,3,0,0,0,0,0,0,0,0,0,0,0,0,0,3,0,0,3,0,0,3,0,0,0,0,0,0,0,0,0,0,0,0,0,0,0,0,0,0,0,0,0,0,0,0,0,0,0,0,0,0,0,0,0,0,0,99,0,0,0,0,0,0,0,0,0,0,0,0,0,0,0,0,0,0,0,0,0,0,0,0,0,0,0,0,0,0,0,0,0,0,0,0,0,0,0,0,0,0,0,0,0,0,0,0,0,0,0,0,0,0,0,0,0,0,0,0,0,0,0,0,0,0,0,0,0,0,0,0,0,0,0,0,0,0,0,0,0,0,0,0,0,0,0,0,0,0,0,0,0,0,0,2,0,0,0,0,0,0,0,0,0,0,0,0,0,0,0,0,0,0,0,0,0,0,0,0,0,0,0,0,0,0,0,0,0,0,0,0,0,0,0,0,0,0,0,0,0,0,0,0,0,0,0,0,0,0,0,0,0,0,0,0,0,0,0,0,0,0,0,0,0,0,0,0,0,0,0,0,0,0,101962.02,0
23,2,25,0,0,0,0,0,0,0,0,0,0,0,0,0,0,0,0,0,0,0,0,0,1,1,0,0,0,0,0,0,0,0,0,0,0,0,0,0,0,0,0,0,0,0,0,0,0,0,0,0,0,0,0,0,0,0,0,0,0,0,0,1,1,0,0,0,0,0,0,0,0,0,0,0,0,0,0,0,0,0,0,0,0,0,0,0,0,1,3,3,0,0,0,0,0,0,0,0,0,0,0,0,0,0,0,0,0,0,0,0,0,0,0,0,0,0,0,0,0,0,0,0,0,0,0,0,0,0,0,0,0,0,0,0,0,0,3,3,0,0,0,0,0,0,0,0,3,0,0,0,0,0,0,0,0,0,3,3,0,0,0,0,0,3,0,0,0,0,0,0,0,0,0,0,0,0,0,0,0,0,0,3,0,0,0,0,0,0,0,3,0,0,2,0,0,0,0,0,0,0,0,0,0,0,0,0,0,0,0,0,0,0,0,0,0,0,0,0,0,0,0,0,0,0,0,0,0,0,0,0,0,0,0,0,0,0,0,0,0,0,0,0,0,0,0,0,0,0,0,0,0,0,0,0,0,0,0,0,0,0,0,0,0,0,0,0,0,0,0,0,0,0,0,0,0,0,0,0,0,2,0,0,0,0,0,0,0,0,0,0,0,0,0,0,0,0,0,0,0,0,0,0,0,0,0,0,0,0,0,0,0,0,0,0,0,0,0,0,0,0,0,0,0,0,0,0,0,2.79,0,3,2.91,0,0,0,0,0,0,0,0,0,0,0,0,0,0,0,0,0,0,0,0,0,0,0,0,0,0,0,0,0,0,0,0,0,0,0,0,356463.06,0
25,2,42,0,0,0,0,0,0,0,0,0,0,0,0,0,0,0,0,0,0,0,0,0,0,0,0,0,1,1,0,0,0,0,0,0,0,0,0,0,0,0,0,0,0,0,0,0,0,0,0,0,0,0,0,0,0,0,0,0,0,0,0,1,1,0,0,0,0,0,0,0,0,0,1,1,1,1,0,0,1,0,0,0,0,0,0,0,0,2,0,0,0,0,3,3,0,0,0,0,0,0,0,0,0,0,0,0,0,0,0,0,0,0,0,0,0,0,0,0,0,0,0,0,0,0,0,0,0,0,0,0,0,0,0,0,0,0,3,3,0,0,0,0,0,0,0,0,6,9,9,9,3,0,0,3,0,0,3,3,0,0,0,0,0,0,0,12748.23,0,0,0,0,0,0,0,0,0,0,0,0,0,0,0,12748.23,0,0,0,0,981.78,0,0,12748.23,0,0,1,0,0,0,0,0,0,0,0,0,0,0,0,0,0,0,0,0,0,0,0,0,0,0,0,0,0,0,0,0,0,0,0,0,0,0,0,0,0,0,0,0,0,0,0,0,0,0,4241.79,0,0,0,0,0,0,0,0,0,0,0,0,1,1,1,1,0,1,0,0,0,0,0,0,0,0,0,0,0,0,0,0,0,0,0,0,0,15,0,3,0,0,0,0,0,0,0,2,0,0,0,0,0,0,0,0,0,0,0,0,0,0,0,0,0,0,0,0,0,3,0,0,0,0,0,0,0,0,0,0,0,24,6,21,51,0,0,0,0,0,1999.08,145.14,12723.27,4955.82,0,0,0,0,0,0,0,0,0,0,0,0,0,0,0,0,0,0,0,0,0,0,0,0,0,0,0,0,0,0,0,0,125424.06,0
26,2,26,0,0,0,0,0,0,0,0,0,0,0,0,0,0,0,0,0,0,0,0,0,1,0,0,0,0,0,0,0,0,0,0,0,0,0,0,0,0,0,0,0,0,0,0,0,0,0,0,0,0,0,0,0,0,0,0,0,0,0,0,1,0,0,0,0,0,0,0,0,0,0,0,0,0,1,0,0,1,0,0,0,0,0,0,0,0,0,3,0,0,0,0,0,0,0,0,0,0,0,0,0,0,0,0,0,0,0,0,0,0,0,0,0,0,0,0,0,0,0,0,0,0,0,0,0,0,0,0,0,0,0,0,0,0,0,3,0,0,0,0,0,0,0,0,0,0,0,0,0,3,0,0,3,0,0,3,0,0,0,0,0,0,0,0,0,0,0,0,0,0,0,0,0,0,0,0,0,0,0,0,0,0,0,0,0,0,0,0,0,0,0,99,0,0,0,0,0,0,0,0,0,0,0,0,0,0,0,0,0,0,0,0,0,0,0,0,0,0,0,0,0,0,0,0,0,0,0,0,0,0,0,0,0,0,0,0,0,0,0,0,0,0,0,0,0,0,0,0,0,0,0,0,0,0,0,0,0,0,0,0,0,0,0,0,0,0,0,0,0,0,0,0,0,0,0,0,0,0,0,0,0,0,0,0,0,0,0,2,0,0,0,0,0,0,0,0,0,0,0,0,0,0,0,0,0,0,0,0,0,0,0,0,0,0,0,0,0,0,0,0,0,0,0,0,0,0,0,0,0,0,0,0,0,0,0,0,0,0,0,0,0,0,0,0,0,0,0,0,0,0,0,0,0,0,0,0,0,0,0,0,0,0,0,0,0,0,75368.52,0
29,2,51,0,0,0,0,0,0,0,0,0,0,0,0,0,0,0,0,0,0,0,0,0,1,1,0,0,0,0,0,0,0,0,0,0,0,0,0,0,0,0,0,0,0,0,0,0,0,0,0,0,0,0,0,0,0,0,0,0,0,0,0,1,1,0,0,0,0,0,0,0,0,0,0,0,0,1,0,0,1,0,0,0,0,0,0,0,0,1,3,3,0,0,0,0,0,0,0,0,0,0,0,0,0,0,0,0,0,0,0,0,0,0,0,0,0,0,0,0,0,0,0,0,0,0,0,0,0,0,0,0,0,0,0,0,0,0,3,3,0,0,0,0,0,0,0,0,3,0,0,0,3,0,0,3,0,0,3,3,0,0,0,0,0,90,0,0,0,0,0,0,0,0,0,0,0,0,0,0,0,0,0,90,0,0,0,0,0,0,0,90,0,0,99,0,0,0,0,0,0,0,0,0,0,0,0,0,0,0,0,0,0,0,0,0,0,0,0,0,0,0,0,0,0,0,0,0,0,0,0,0,0,0,0,0,0,0,0,0,0,0,0,0,0,0,0,0,0,0,0,0,0,0,0,0,0,0,0,0,0,0,0,0,0,0,0,0,0,0,0,0,0,0,0,0,0,0,0,0,3,3,0,0,0,0,0,0,0,0,2,0,0,0,0,0,0,0,0,0,0,0,0,0,0,0,0,0,0,0,0,0,0,0,0,0,0,0,0,0,0,0,0,0,6,0,3,9,0,90,29.04,90,69.69,0,0,0,0,0,0,0,0,0,0,0,0,0,0,0,0,0,0,0,0,0,0,0,0,0,0,0,0,0,0,0,0,0,0,0,0,122220.09,0
31,2,43,0,0,0,0,0,0,0,0,0,0,0,0,0,0,0,0,0,0,0,0,0,1,0,0,0,0,0,1,1,0,0,0,0,0,0,0,0,0,0,0,0,0,0,0,0,0,1,1,0,0,0,0,0,0,0,0,0,0,0,0,1,1,0,0,0,0,0,0,0,0,0,0,0,0,1,0,0,1,0,0,0,0,0,0,0,0,1,3,0,0,0,0,0,3,3,0,0,0,0,0,0,0,0,0,0,0,0,0,0,0,0,3,3,0,0,0,0,0,0,0,0,0,0,0,0,0,0,0,0,0,0,0,0,0,0,6,3,0,0,0,0,0,0,0,0,3,0,0,0,3,0,0,3,0,0,6,3,0,0,0,0,0,0,0,0,120000,0,0,0,0,0,0,0,0,120000,0,0,0,0,0,120000,0,0,0,0,0,0,0,120000,0,0,1,0,0,0,0,0,0,0,0,0,0,0,0,0,0,0,0,0,0,0,0,0,0,0,0,0,0,0,0,0,0,0,0,0,0,0,0,0,0,0,0,0,0,0,0,0,0,120000,120000,0,0,0,0,0,0,0,0,0,0,0,0,0,0,0,0,1,1,0,0,0,0,0,0,0,0,0,0,0,0,0,0,9,3,3,15,3,9,3,0,1,0,0,0,0,0,0,2,0,0,0,0,0,0,0,0,0,0,0,0,0,0,0,0,0,0,0,0,3,3,3,0,0,0,0,0,0,0,0,0,0,12,12,9,33,0,120000,39999.99,3870.93,54623.64,0,0,0,0,0,0,116129.07,116129.07,0,0,0,0,0,0,0,0,0,0,0,0,0,0,0,0,0,0,0,0,0,0,0,0,0,0,0,0,118436.97,0
32,2,33,600,1086.48,1952.91,0,0,0,0,0,1086.48,1952.91,360,750,1446.48,360,750,1446.48,0,0,0,0,0,0,0,0,0,1,1,0,0,0,0,0,0,0,0,0,0,0,0,0,0,0,0,0,0,0,0,0,1,1,1,1,1,1,0,0,0,0,0,0,1,1,0,0,0,0,0,0,0,0,0,1,1,1,1,0,0,1,0,0,0,0,0,0,0,0,4,0,0,0,0,3,3,0,0,0,0,0,0,0,0,0,0,0,0,0,0,0,0,0,0,0,0,6,6,6,6,0,0,0,0,45,9,72,126,45,9,72,126,0,0,0,0,0,0,3,3,0,0,0,0,0,0,0,0,12,3,9,9,3,0,0,3,0,0,3,3,0,0,0,0,0,0,0,3358.74,0,0,0,0,0,0,0,0,0,0,3716.22,3716.22,0,0,0,3358.74,0,0,0,0,264.57,0,0,3358.74,0,0,1,0,0,0,0,0,0,0,0,0,0,0,0,0,0,0,0,0,0,0,0,0,0,0,0,0,0,0,0,0,0,0,0,0,0,0,0,0,0,0,0,0,0,0,0,0,0,1050,300,0,0,0,0,0,0,0,0,0,0,0,0,1,1,1,1,1,1,0,0,0,0,0,0,0,0,0,0,0,0,0,3,0,6,0,6,0,6,2,1,0,0,0,0,0,0,0,2,0,66,108,0,0,0,0,66,108,6,18,6,18,0,0,0,0,0,0,0,6,3,0,0,0,0,0,0,0,0,0,0,0,6,9,6,21,0,633.87,99.33,0,0,0,0,714.81,714.81,0,0,0,0,0,0,0,0,0,0,0,0,0,0,0,0,0,0,0,0,0,0,0,0,0,0,0,0,0,0,0,0,95294.13,0
34,2,30,0,0,0,0,0,0,0,0,0,0,0,0,0,0,0,0,0,0,0,0,0,1,1,0,0,0,0,0,0,0,0,0,0,0,0,0,0,0,0,0,0,0,0,0,0,0,0,0,0,0,0,0,0,0,0,0,0,0,0,0,1,1,0,0,0,0,0,0,0,0,0,0,0,0,1,0,0,1,0,0,0,0,0,0,0,0,1,3,3,0,0,0,0,0,0,0,0,0,0,0,0,0,0,0,0,0,0,0,0,0,0,0,0,0,0,0,0,0,0,0,0,0,0,0,0,0,0,0,0,0,0,0,0,0,0,3,3,0,0,0,0,0,0,0,0,3,0,0,0,3,0,0,3,0,0,3,3,0,0,0,0,0,3,0,0,0,0,0,0,0,0,0,0,0,0,0,0,0,0,0,3,0,0,0,0,0,0,0,3,0,0,99,0,0,0,0,0,0,0,0,0,0,0,0,0,0,0,0,0,0,0,0,0,0,0,0,0,0,0,0,0,0,0,0,0,0,0,0,0,0,0,0,0,0,0,0,0,0,0,0,0,0,0,0,0,0,0,0,0,0,0,0,0,0,0,0,0,0,0,0,0,0,0,0,0,0,0,0,0,0,0,0,0,0,0,0,0,0,3,0,0,0,0,0,0,0,0,2,0,0,0,0,0,0,0,0,0,0,0,0,0,0,0,0,0,0,0,0,0,0,0,0,0,0,0,0,0,0,0,0,0,0,0,0,0,0,3,0.96,3,2.31,0,0,0,0,0,0,0,0,0,0,0,0,0,0,0,0,0,0,0,0,0,0,0,0,0,0,0,0,0,0,0,0,0,0,0,0,104403.87,0
36,2,44,0,0,0,0,0,0,0,0,0,0,0,0,0,0,0,0,0,0,0,0,0,1,0,0,0,0,0,0,0,0,0,0,0,0,0,0,0,0,0,0,0,0,0,0,0,0,0,0,0,0,0,0,0,0,0,0,0,0,0,0,1,0,0,0,0,0,0,0,0,0,0,0,0,0,0,0,0,0,0,0,0,0,0,0,0,0,0,3,0,0,0,0,0,0,0,0,0,0,0,0,0,0,0,0,0,0,0,0,0,0,0,0,0,0,0,0,0,0,0,0,0,0,0,0,0,0,0,0,0,0,0,0,0,0,0,3,0,0,0,0,0,0,0,0,0,0,0,0,0,0,0,0,0,0,0,3,0,0,0,0,0,0,0,0,0,0,0,0,0,0,0,0,0,0,0,0,0,0,0,0,0,0,0,0,0,0,0,0,0,0,0,99,0,0,0,0,0,0,0,0,0,0,0,0,0,0,0,0,0,0,0,0,0,0,0,0,0,0,0,0,0,0,0,0,0,0,0,0,0,0,0,0,0,0,0,0,0,0,0,0,0,0,0,0,0,0,0,0,0,0,0,0,0,0,0,0,0,0,0,0,0,0,0,0,0,0,0,0,0,0,0,0,0,0,0,0,0,0,0,0,0,0,0,0,0,0,0,0,0,0,0,0,0,0,0,0,0,0,0,0,0,0,0,0,0,0,0,0,0,0,0,0,0,0,0,0,0,0,0,0,0,0,0,0,0,0,0,0,0,0,0,0,0,0,0,0,0,0,0,0,0,0,0,0,0,0,0,0,0,0,0,0,0,0,0,0,0,0,0,0,0,0,0,0,0,0,117310.979016494,0
39,2,36,0,55.2,70.95,0,0,0,0,0,55.2,70.95,0,0,55.2,0,0,55.2,0,0,0,0,0,1,1,0,0,0,0,0,0,0,0,0,0,0,0,0,0,0,0,0,0,0,0,0,0,0,0,0,0,0,0,0,0,0,0,0,0,0,0,0,1,1,0,0,0,0,0,0,0,0,0,0,0,0,1,0,0,1,0,0,0,0,0,0,0,0,2,3,3,0,0,0,0,0,0,0,0,0,0,0,0,0,0,0,0,0,0,0,0,0,0,0,0,0,0,0,0,0,0,0,0,6,0,9,15,6,0,9,15,0,0,0,0,0,0,3,3,0,0,0,0,0,0,0,0,6,0,0,0,3,0,0,3,0,0,3,3,0,0,0,0,0,3079.05,0,0,0,0,0,0,0,0,0,0,0,0,0,0,0,0,0,3079.05,0,0,0,0,0,0,0,3079.05,0,0,1,0,0,0,0,0,0,0,0,0,0,0,0,0,0,0,0,0,0,0,0,0,0,0,0,0,0,0,0,0,0,0,0,0,0,0,0,0,0,0,0,0,0,0,0,0,0,0,3000,0,0,0,0,0,0,0,0,0,0,0,0,0,0,0,0,0,1,0,0,0,0,0,0,0,0,0,0,0,0,0,0,0,3,0,3,0,63,3,0,0,0,0,0,0,0,0,2,0,9,15,0,0,0,0,9,15,0,0,0,0,0,0,0,0,0,0,0,0,3,0,0,0,0,0,0,0,0,0,0,0,75,9,105,189,0,144.15,95.07,423.21,220.8,0,0,0,0,0,0,0,0,0,0,0,0,0,0,0,0,0,0,0,0,0,0,0,0,0,0,0,0,0,0,0,0,0,0,0,0,153014.13,0
42,229,55,0,0,0,0,0,0,0,0,0,0,0,0,0,0,0,0,0,0,0,0,0,1,1,0,0,0,0,0,0,0,0,0,0,0,0,0,0,0,0,0,0,0,0,0,0,0,0,0,0,0,0,0,0,0,0,0,0,0,0,0,1,1,0,0,0,0,0,0,0,0,0,0,0,0,1,0,0,1,0,0,0,0,0,0,0,0,1,3,3,0,0,0,0,0,0,0,0,0,0,0,0,0,0,0,0,0,0,0,0,0,0,0,0,0,0,0,0,0,0,0,0,0,0,0,0,0,0,0,0,0,0,0,0,0,0,3,3,0,0,0,0,0,0,0,0,3,0,0,0,3,0,0,3,0,0,3,3,0,0,0,0,0,9003,0,0,0,0,0,0,0,0,0,0,0,0,0,0,0,0,0,9003,0,0,0,0,0,0,0,9003,0,0,1,0,0,0,0,0,0,0,0,0,0,0,0,0,0,0,0,0,0,0,0,0,0,0,0,0,0,0,0,0,0,0,0,0,0,0,0,0,0,0,0,0,0,0,0,0,0,581.79,9000,0,0,0,0,0,0,0,0,0,0,0,0,0,0,0,0,1,1,0,0,0,0,0,0,0,0,0,0,0,0,0,0,3,3,3,9,3,15,2,0,0,0,0,0,0,0,0,2,0,0,0,0,0,0,0,0,0,0,0,0,0,0,0,0,0,0,0,0,9,3,0,0,0,0,0,0,0,0,0,0,0,18,18,12,48,0,1.05,0,3860.16,1930.62,0,0,0,0,0,0,0,0,0,0,0,0,0,0,0,0,0,0,0,0,0,0,0,0,0,0,0,0,0,0,0,0,0,0,0,0,168943.23,0
43,2,28,0,0,0,0,0,0,0,0,0,0,0,0,0,0,0,0,0,0,0,0,0,1,1,0,0,0,0,0,0,0,0,0,0,0,0,0,0,0,0,0,0,0,0,0,0,0,0,0,0,0,0,0,0,0,0,0,0,0,0,0,1,1,0,0,0,0,0,0,0,0,0,0,0,0,1,0,0,1,0,0,0,0,0,0,0,0,1,3,3,0,0,0,0,0,0,0,0,0,0,0,0,0,0,0,0,0,0,0,0,0,0,0,0,0,0,0,0,0,0,0,0,0,0,0,0,0,0,0,0,0,0,0,0,0,0,3,3,0,0,0,0,0,0,0,0,3,0,0,0,3,0,0,3,0,0,3,3,0,0,0,0,0,30,0,0,0,0,0,0,0,0,0,0,0,0,0,0,0,0,0,30,0,0,0,0,0,0,0,30,0,0,3,0,0,0,0,0,0,0,0,0,0,0,0,0,0,0,0,0,0,0,0,0,0,0,0,0,0,0,0,0,0,0,0,0,0,0,0,0,0,0,0,0,0,0,0,0,0,0,0,0,0,0,0,0,0,0,0,0,0,0,0,0,0,0,0,0,0,0,0,0,0,0,0,0,0,0,0,0,0,0,0,0,0,0,0,0,0,3,0,0,0,0,0,0,0,0,1,0,0,0,0,0,0,0,0,0,0,0,0,0,0,0,0,0,0,0,0,0,0,0,0,0,0,0,0,0,0,0,0,0,0,0,0,0,0,30,15.03,30,25.02,0,0,0,0,0,0,0,0,0,0,0,0,0,0,0,0,0,0,0,0,0,0,0,0,0,0,0,0,0,0,0,0,0,0,0,0,96601.14,0